gesture,x0,y0,x1,y1,x2,y2,x3,y3,x4,y4,x5,y5,x6,y6,x7,y7,x8,y8,x9,y9,x10,y10,x11,y11,x12,y12,x13,y13,x14,y14,x15,y15,x16,y16,x17,y17,x18,y18,x19,y19,x20,y20
ok,0.27321311831474304,0.7070884108543396,0.3187579810619354,0.6544613242149353,0.3523636758327484,0.5833578705787659,0.3863639235496521,0.5323030948638916,0.4213981628417969,0.4926583766937256,0.32064947485923767,0.5069830417633057,0.35387325286865234,0.4482570290565491,0.3830195665359497,0.4515593349933624,0.406927227973938,0.465545654296875,0.29904353618621826,0.49372434616088867,0.3239158093929291,0.4169740080833435,0.35775992274284363,0.3827967345714569,0.38951846957206726,0.36280661821365356,0.2745669186115265,0.49783068895339966,0.28958216309547424,0.41321682929992676,0.31410202383995056,0.36654210090637207,0.3410438895225525,0.33410316705703735,0.24819502234458923,0.516117513179779,0.2518976330757141,0.45175909996032715,0.27003899216651917,0.41445043683052063,0.2943345308303833,0.3881990909576416
ok,0.18758134543895721,0.7171717286109924,0.24575644731521606,0.6572504639625549,0.28698861598968506,0.5802395343780518,0.3298294246196747,0.5172120332717896,0.371493935585022,0.46580806374549866,0.2537243068218231,0.48517587780952454,0.2961493134498596,0.4141945242881775,0.33275020122528076,0.4122762084007263,0.3617289066314697,0.43294328451156616,0.2249540537595749,0.46496501564979553,0.2558211386203766,0.3735116720199585,0.29387328028678894,0.32873207330703735,0.3300551772117615,0.2955901622772217,0.1927747130393982,0.46789315342903137,0.2082832157611847,0.36302632093429565,0.23157015442848206,0.29739660024642944,0.2587190568447113,0.2465699315071106,0.1571548581123352,0.4902566075325012,0.16070953011512756,0.40957552194595337,0.17167484760284424,0.3528898358345032,0.18798322975635529,0.30676716566085815
ok,0.09050972759723663,0.6930062174797058,0.16192412376403809,0.6208630800247192,0.20673061907291412,0.5314555168151855,0.2542283535003662,0.46564844250679016,0.3045167922973633,0.41945740580558777,0.16907529532909393,0.4347086548805237,0.21721357107162476,0.3611641526222229,0.2583022117614746,0.36994418501853943,0.29027217626571655,0.39434951543807983,0.13368535041809082,0.41339948773384094,0.17235572636127472,0.311147540807724,0.21687822043895721,0.2665528357028961,0.2573009729385376,0.23904399573802948,0.09197835624217987,0.4161003828048706,0.11447487771511078,0.29755842685699463,0.14449791610240936,0.22707630693912506,0.17709319293498993,0.1732960343360901,0.04893680661916733,0.43856081366539,0.05628833919763565,0.348644495010376,0.07134217768907547,0.2861824929714203,0.09227526187896729,0.23092958331108093
ok,0.12566396594047546,0.6900768280029297,0.1891784816980362,0.6304773092269897,0.2338520735502243,0.5363650321960449,0.27438876032829285,0.46562135219573975,0.3102768063545227,0.41287732124328613,0.206595778465271,0.44189101457595825,0.24286459386348724,0.37099307775497437,0.2749839425086975,0.3743115961551666,0.3026532232761383,0.3951271176338196,0.17799383401870728,0.4218598008155823,0.20262765884399414,0.3209424614906311,0.22042293846607208,0.2548508048057556,0.23626895248889923,0.19688019156455994,0.14608848094940186,0.4272489547729492,0.1604001522064209,0.322094589471817,0.17230260372161865,0.25231367349624634,0.18591730296611786,0.19159555435180664,0.11106443405151367,0.4491334557533264,0.12025760114192963,0.36454734206199646,0.12710337340831757,0.3046344518661499,0.13667242228984833,0.24943970143795013
ok,0.4633817970752716,0.6832459568977356,0.532638669013977,0.6280154585838318,0.5758371353149414,0.557981550693512,0.6148603558540344,0.5164449214935303,0.6533177495002747,0.4852239191532135,0.5312008857727051,0.4656270146369934,0.5905168056488037,0.4145839512348175,0.628109872341156,0.4333513677120209,0.6526345610618591,0.46817585825920105,0.5152397155761719,0.458028644323349,0.5638479590415955,0.36686262488365173,0.6037433743476868,0.31521955132484436,0.6352155208587646,0.2819782495498657,0.5011916160583496,0.4722951650619507,0.5469610095024109,0.37406033277511597,0.5811464190483093,0.3149215877056122,0.6087834239006042,0.26907849311828613,0.4935331344604492,0.4975176453590393,0.524192750453949,0.4255933463573456,0.545909583568573,0.37291884422302246,0.5651007890701294,0.3264963924884796
ok,0.152587890625,0.7391749620437622,0.21554163098335266,0.690345287322998,0.2676919996738434,0.610145092010498,0.31335967779159546,0.5575686693191528,0.3524821698665619,0.5090327262878418,0.24012474715709686,0.5074397325515747,0.2843140959739685,0.44039255380630493,0.3190914988517761,0.4559970796108246,0.34599798917770386,0.4861757755279541,0.21923111379146576,0.49241095781326294,0.25198113918304443,0.40408948063850403,0.28995299339294434,0.36358368396759033,0.3245432376861572,0.33725547790527344,0.19203327596187592,0.4989883303642273,0.21985110640525818,0.403855562210083,0.2485886812210083,0.3464069962501526,0.2780301570892334,0.3013288974761963,0.16250848770141602,0.5205898284912109,0.1828608214855194,0.44685277342796326,0.20030808448791504,0.3932892680168152,0.21971294283866882,0.34615522623062134
ok,0.2909480929374695,1.040075421333313,0.3721626400947571,0.9424502849578857,0.42784568667411804,0.8046391010284424,0.48491963744163513,0.7162318825721741,0.5388560891151428,0.6349191665649414,0.34183111786842346,0.6562678217887878,0.4190993010997772,0.5458032488822937,0.48117566108703613,0.5608863830566406,0.5303842425346375,0.6009654402732849,0.31043872237205505,0.652436375617981,0.3554050028324127,0.48890888690948486,0.40564683079719543,0.41720762848854065,0.4542989134788513,0.3725550174713135,0.28340470790863037,0.6867955327033997,0.31761229038238525,0.5141819715499878,0.3513919711112976,0.41513755917549133,0.38552188873291016,0.3366774916648865,0.2657305896282196,0.7429521679878235,0.29023098945617676,0.6130208969116211,0.30724143981933594,0.5193603038787842,0.3278049826622009,0.43817341327667236
ok,0.27711012959480286,0.833764910697937,0.30765658617019653,0.8087472319602966,0.33001595735549927,0.7680952548980713,0.34977197647094727,0.738466739654541,0.3659709692001343,0.7110495567321777,0.3128056526184082,0.7135738134384155,0.3313598930835724,0.6785494685173035,0.34803080558776855,0.684508740901947,0.3606824278831482,0.6988177299499512,0.2990049123764038,0.7066003680229187,0.30808398127555847,0.6590370535850525,0.3217833936214447,0.6324050426483154,0.3339276611804962,0.61139976978302,0.2844836115837097,0.7129874229431152,0.2863418459892273,0.6645703315734863,0.29094043374061584,0.6324812769889832,0.29694125056266785,0.6047126054763794,0.27034991979599,0.7286514043807983,0.2727660536766052,0.6916289329528809,0.2763068377971649,0.6654027104377747,0.28087496757507324,0.6410184502601624
ok,0.22549699246883392,0.7128196954727173,0.3000735342502594,0.6435316205024719,0.35700783133506775,0.542732298374176,0.40847331285476685,0.4690084159374237,0.4497411847114563,0.3991544842720032,0.321321576833725,0.4260728359222412,0.36769023537635803,0.3460598587989807,0.4075582027435303,0.3474771976470947,0.44352009892463684,0.36777934432029724,0.2927437126636505,0.40606367588043213,0.3279772400856018,0.294710636138916,0.36697205901145935,0.24154070019721985,0.40965741872787476,0.2066117525100708,0.2578579783439636,0.4100813865661621,0.2923232614994049,0.2984819710254669,0.32940182089805603,0.2347497195005417,0.372076153755188,0.19077685475349426,0.22143784165382385,0.42904847860336304,0.252233624458313,0.3356938362121582,0.27959394454956055,0.2756189703941345,0.31302526593208313,0.23154988884925842
ok,0.46565407514572144,0.7068151235580444,0.5119864344596863,0.6588068008422852,0.5437671542167664,0.6033904552459717,0.5748131275177002,0.5614758133888245,0.5967113375663757,0.5124715566635132,0.4977424740791321,0.5254554748535156,0.5355206727981567,0.47274792194366455,0.5670304298400879,0.47804221510887146,0.5904732942581177,0.4977855980396271,0.48394620418548584,0.5154998302459717,0.5091099143028259,0.4410765469074249,0.5393892526626587,0.40526920557022095,0.5687248706817627,0.38780316710472107,0.4695899784564972,0.521497368812561,0.49381065368652344,0.44484958052635193,0.521055281162262,0.4037160873413086,0.548519492149353,0.3801426887512207,0.4591059982776642,0.5359424352645874,0.4777788519859314,0.46956300735473633,0.49841606616973877,0.42920392751693726,0.5221704244613647,0.4040500521659851
ok,0.5220621228218079,0.9676860570907593,0.5719060897827148,0.9130645394325256,0.6039111018180847,0.8364521861076355,0.6366943717002869,0.7907630205154419,0.6650976538658142,0.7472615242004395,0.5384759902954102,0.7599931955337524,0.5859270095825195,0.6988632678985596,0.6232655048370361,0.7004939913749695,0.651936948299408,0.7197918891906738,0.5224881768226624,0.759985625743866,0.5590623021125793,0.6701479554176331,0.5977326035499573,0.6385324001312256,0.6330708265304565,0.6324580907821655,0.5133074522018433,0.7750830054283142,0.5425883531570435,0.6822106242179871,0.5767075419425964,0.6396159529685974,0.6081661581993103,0.6184886693954468,0.5144144892692566,0.796851396560669,0.537802517414093,0.7263060808181763,0.5597041249275208,0.6821175217628479,0.5829182267189026,0.6510973572731018
ok,0.2821451723575592,0.9225749969482422,0.31740930676460266,0.8875341415405273,0.34408628940582275,0.83332359790802,0.3684070110321045,0.790473461151123,0.3868268132209778,0.7525429129600525,0.31891822814941406,0.7714442610740662,0.3394828140735626,0.7244439125061035,0.3600338101387024,0.7237185835838318,0.37683916091918945,0.7357787489891052,0.30118829011917114,0.7625239491462708,0.3108528256416321,0.6973971128463745,0.3189668655395508,0.6547739505767822,0.32505500316619873,0.6184129118919373,0.28363317251205444,0.7690437436103821,0.28404828906059265,0.7057489156723022,0.2856872081756592,0.6617162823677063,0.2891441881656647,0.623562216758728,0.26600182056427,0.7860420346260071,0.2679813802242279,0.7348942756652832,0.27033570408821106,0.6993811130523682,0.274753600358963,0.6670046448707581
ok,0.052130162715911865,0.45392075181007385,0.10433411598205566,0.4281601309776306,0.15457820892333984,0.3820268511772156,0.19757694005966187,0.35239025950431824,0.23158535361289978,0.3179745376110077,0.13492904603481293,0.28713342547416687,0.17849984765052795,0.24589259922504425,0.20619899034500122,0.2645651698112488,0.2239322066307068,0.29350483417510986,0.11913357675075531,0.2695007622241974,0.1518070250749588,0.19861328601837158,0.17607271671295166,0.14966796338558197,0.1947353184223175,0.10598760843276978,0.09786142408847809,0.2712782323360443,0.11953102052211761,0.19316980242729187,0.13502107560634613,0.136535182595253,0.15003769099712372,0.08714792132377625,0.07286051660776138,0.2858704626560211,0.09185847640037537,0.22395004332065582,0.10681715607643127,0.18244585394859314,0.12242579460144043,0.14693361520767212
ok,0.06414026767015457,0.496440589427948,0.12015130370855331,0.46788138151168823,0.17014062404632568,0.4113296866416931,0.20790258049964905,0.36316031217575073,0.22706979513168335,0.3164321482181549,0.1669403612613678,0.32116609811782837,0.20060136914253235,0.26150068640708923,0.2164403200149536,0.26358065009117126,0.2221197485923767,0.28778892755508423,0.13511882722377777,0.2943383753299713,0.15640296041965485,0.20395851135253906,0.16831529140472412,0.14615358412265778,0.1769493669271469,0.09533371031284332,0.10060527175664902,0.2919999957084656,0.10476556420326233,0.2013779878616333,0.10626295953989029,0.13906049728393555,0.1090068370103836,0.08591586351394653,0.06377357244491577,0.3056783080101013,0.07066527009010315,0.23090356588363647,0.07538780570030212,0.17846685647964478,0.08157429099082947,0.1297769397497177
ok,0.10319965332746506,0.5195211172103882,0.16720710694789886,0.4819619059562683,0.21687676012516022,0.4220888018608093,0.25920042395591736,0.37743744254112244,0.2900787889957428,0.3306919038295746,0.19149622321128845,0.3308054804801941,0.23223420977592468,0.28256604075431824,0.26099058985710144,0.28963086009025574,0.2850331664085388,0.3080846667289734,0.17147523164749146,0.30999159812927246,0.20188726484775543,0.2281760275363922,0.2312088906764984,0.18342149257659912,0.26055896282196045,0.15227916836738586,0.14567072689533234,0.30791521072387695,0.17033272981643677,0.22822314500808716,0.1985096037387848,0.18371780216693878,0.229264497756958,0.15175528824329376,0.1182485967874527,0.31793272495269775,0.13591089844703674,0.25076285004615784,0.15780699253082275,0.2113920897245407,0.18444038927555084,0.18295422196388245
ok,0.4885197579860687,0.5856932997703552,0.5666583776473999,0.5415968894958496,0.6102306842803955,0.48467886447906494,0.6548346877098083,0.4512448012828827,0.6955863833427429,0.41555607318878174,0.549707293510437,0.3664606511592865,0.62515789270401,0.331119179725647,0.6674057245254517,0.35491782426834106,0.6926554441452026,0.3877357542514801,0.5356436371803284,0.3541637659072876,0.6089233160018921,0.2775658965110779,0.6647292971611023,0.24331925809383392,0.712619960308075,0.22913798689842224,0.5285845398902893,0.3659835159778595,0.5976241827011108,0.27599453926086426,0.6500552892684937,0.23618768155574799,0.6937035918235779,0.2152794748544693,0.5363700985908508,0.39163848757743835,0.5894811749458313,0.3127450942993164,0.6281734108924866,0.27000895142555237,0.6646238565444946,0.24346241354942322
ok,0.47642210125923157,0.6070465445518494,0.5428285598754883,0.5694594383239746,0.5943323373794556,0.5089930295944214,0.6402619481086731,0.4571836590766907,0.6747171878814697,0.40336745977401733,0.5568541884422302,0.41133546829223633,0.6031728982925415,0.35655298829078674,0.639033854007721,0.35906365513801575,0.6666096448898315,0.37851908802986145,0.5342510342597961,0.38464605808258057,0.567674994468689,0.30131226778030396,0.6077559590339661,0.2524034082889557,0.6454592347145081,0.21089522540569305,0.5061778426170349,0.3792138397693634,0.522973895072937,0.27881214022636414,0.5500089526176453,0.21163688600063324,0.5786332488059998,0.15796157717704773,0.4758318066596985,0.38939908146858215,0.4737517237663269,0.3060872554779053,0.4790407121181488,0.24123358726501465,0.4887203276157379,0.18550843000411987
ok,0.4828224182128906,0.6783645153045654,0.5437059998512268,0.646619439125061,0.5883365869522095,0.6051901578903198,0.6291744112968445,0.5803913474082947,0.6627300977706909,0.5446937680244446,0.5554612278938293,0.49669793248176575,0.6067676544189453,0.4596824645996094,0.639420747756958,0.4826323986053467,0.6606792211532593,0.5187518000602722,0.5459226965904236,0.4829992353916168,0.5871996283531189,0.40562403202056885,0.626980185508728,0.3650965690612793,0.6607285141944885,0.3396822214126587,0.5302343368530273,0.48869162797927856,0.5625078678131104,0.39718571305274963,0.5913426280021667,0.33822405338287354,0.6190257668495178,0.2935173809528351,0.5123096704483032,0.5076029300689697,0.534702479839325,0.44299107789993286,0.5576006174087524,0.39706626534461975,0.5818998217582703,0.3599388003349304
ok,0.4609881639480591,0.6836225986480713,0.5097167491912842,0.6427662372589111,0.5476483106613159,0.5837685465812683,0.5824851989746094,0.541849672794342,0.6117897629737854,0.4967135787010193,0.5037047266960144,0.4932331442832947,0.5422323346138,0.44194239377975464,0.5747175812721252,0.45317572355270386,0.5981753468513489,0.47680187225341797,0.48719748854637146,0.47636276483535767,0.5080713033676147,0.3936391770839691,0.5369131565093994,0.3455171287059784,0.5631330609321594,0.3101082146167755,0.46771538257598877,0.4817143380641937,0.4738472104072571,0.38915586471557617,0.48820310831069946,0.32707810401916504,0.5053998231887817,0.27727723121643066,0.44874268770217896,0.5025186538696289,0.448434978723526,0.43039774894714355,0.4534498453140259,0.3769790530204773,0.46172499656677246,0.33215153217315674
ok,0.6939505934715271,0.7207790613174438,0.6258933544158936,0.6886519193649292,0.5713188052177429,0.6310599446296692,0.5276249647140503,0.5907837152481079,0.48769763112068176,0.5557214021682739,0.584588885307312,0.5175876617431641,0.535748302936554,0.45995333790779114,0.507488489151001,0.4859960079193115,0.49369654059410095,0.522990345954895,0.606306254863739,0.4903065264225006,0.5776317715644836,0.39929014444351196,0.5456687808036804,0.34662237763404846,0.5179823040962219,0.3062151074409485,0.634128987789154,0.49003297090530396,0.6324740052223206,0.39367085695266724,0.6201171875,0.3309839963912964,0.6065105199813843,0.2787245810031891,0.6617410182952881,0.5107302069664001,0.6705474853515625,0.4332304000854492,0.6698147058486938,0.37672194838523865,0.6661350131034851,0.3250632882118225
ok,0.7519015073776245,0.7036042809486389,0.6841212511062622,0.6717585325241089,0.6277250051498413,0.6078481674194336,0.5858078002929688,0.5616793632507324,0.5496891140937805,0.513515055179596,0.6406607627868652,0.49719473719596863,0.6030628085136414,0.43466266989707947,0.5763283967971802,0.44883814454078674,0.5564548969268799,0.47764694690704346,0.6637506484985352,0.47589313983917236,0.6359999775886536,0.38746947050094604,0.5996278524398804,0.34946632385253906,0.5637349486351013,0.3280748426914215,0.6930060386657715,0.47705960273742676,0.6701940894126892,0.38528090715408325,0.6376228332519531,0.3441770374774933,0.604123592376709,0.31998318433761597,0.7230883836746216,0.49438196420669556,0.7074260711669922,0.41779905557632446,0.6837703585624695,0.37346553802490234,0.6555020809173584,0.34046003222465515
ok,0.7638950943946838,0.7131465673446655,0.7040942907333374,0.6522342562675476,0.6665036082267761,0.5644420385360718,0.6414816975593567,0.4961612820625305,0.6301174163818359,0.4280145466327667,0.7123910784721375,0.46520116925239563,0.6954147815704346,0.38651716709136963,0.6664097309112549,0.38201141357421875,0.6421164274215698,0.3971019387245178,0.7447080016136169,0.45361649990081787,0.7417022585868835,0.3572951555252075,0.7206773161888123,0.30093279480934143,0.6970452070236206,0.2570270001888275,0.7760350704193115,0.46673139929771423,0.7794432044029236,0.37112757563591003,0.7647367715835571,0.31178146600723267,0.744955837726593,0.26331737637519836,0.8034934997558594,0.4953823983669281,0.8110535740852356,0.4146000146865845,0.8049973845481873,0.3594745099544525,0.7920964956283569,0.3091282248497009
ok,0.7106152176856995,0.656718373298645,0.6427344679832458,0.6505935192108154,0.5777272582054138,0.6114439368247986,0.5290080904960632,0.5791513323783875,0.4865424633026123,0.5433042049407959,0.5703757405281067,0.5017027854919434,0.5268592238426208,0.45081838965415955,0.5042849779129028,0.4718894362449646,0.4918844997882843,0.5064566135406494,0.5857344269752502,0.47245049476623535,0.5441158413887024,0.39544957876205444,0.5025187134742737,0.3667166233062744,0.46470069885253906,0.3530798554420471,0.6103159785270691,0.4617823362350464,0.5725247859954834,0.3826732635498047,0.5350756645202637,0.3507090210914612,0.4995742440223694,0.3351709246635437,0.63826584815979,0.4638805389404297,0.6088494062423706,0.39781469106674194,0.5785223245620728,0.36362698674201965,0.5458972454071045,0.3409262001514435
ok,0.632627546787262,0.7365954518318176,0.5703142285346985,0.7362233996391296,0.5198768973350525,0.7139555215835571,0.4821309447288513,0.7080557346343994,0.4451277256011963,0.6955562829971313,0.5108847618103027,0.6220366358757019,0.4665576219558716,0.6083328723907471,0.4472159445285797,0.6384585499763489,0.43809279799461365,0.6726792454719543,0.5155259370803833,0.6047428846359253,0.4670010805130005,0.5572468042373657,0.4267095923423767,0.5472760796546936,0.39532795548439026,0.5470242500305176,0.5258952975273132,0.6003117561340332,0.48003658652305603,0.5433703660964966,0.4416258633136749,0.5287902355194092,0.4127289056777954,0.5268042087554932,0.5361390113830566,0.6062920093536377,0.4992489814758301,0.5543504953384399,0.466997891664505,0.5366382002830505,0.43777647614479065,0.533150315284729
ok,0.799159049987793,0.8179996609687805,0.6846551299095154,0.7667523622512817,0.5870023369789124,0.6623744964599609,0.5144084095954895,0.592606246471405,0.4464614689350128,0.5208752751350403,0.6050442457199097,0.45081716775894165,0.533820629119873,0.3470422923564911,0.4864833950996399,0.39056581258773804,0.4572897255420685,0.45178818702697754,0.6464852094650269,0.41953587532043457,0.5895379781723022,0.2665175199508667,0.5242142081260681,0.18752044439315796,0.4619178771972656,0.1247091293334961,0.7004214525222778,0.4296245872974396,0.6552599668502808,0.2697482109069824,0.6012769937515259,0.1880609095096588,0.5459485650062561,0.12305447459220886,0.7568339109420776,0.4697062373161316,0.7277195453643799,0.3361474871635437,0.6905558705329895,0.2516736388206482,0.6490069031715393,0.1790999472141266
ok,0.6956190466880798,0.7961796522140503,0.6329002976417542,0.7467642426490784,0.5841356515884399,0.6764823198318481,0.5479130744934082,0.6212331056594849,0.5172086954116821,0.5658826231956482,0.6146706342697144,0.5675248503684998,0.5817105174064636,0.49697914719581604,0.5523732900619507,0.5058002471923828,0.5307435989379883,0.5329843759536743,0.6451776027679443,0.545265793800354,0.629832923412323,0.45281481742858887,0.5982900261878967,0.4061698019504547,0.5648683309555054,0.37641680240631104,0.6761221289634705,0.5497668385505676,0.6856788992881775,0.4574560821056366,0.6660308837890625,0.4043310880661011,0.6382681131362915,0.3645731806755066,0.7057626247406006,0.5774203538894653,0.7318066954612732,0.51310795545578,0.7227262258529663,0.467445433139801,0.6995682716369629,0.43093404173851013
ok,0.6801184415817261,0.7679400444030762,0.6155797243118286,0.7317506670951843,0.5653870105743408,0.6663331389427185,0.526757001876831,0.6203404068946838,0.49465978145599365,0.5732969045639038,0.5844377875328064,0.5622395873069763,0.5494447350502014,0.49549055099487305,0.5181353092193604,0.5097994208335876,0.5001761317253113,0.5396663546562195,0.6036938428878784,0.5428064465522766,0.5830928087234497,0.44370391964912415,0.5591098666191101,0.3876691460609436,0.5396633744239807,0.3398092985153198,0.6288599371910095,0.5467618107795715,0.6227810382843018,0.44477033615112305,0.6129273772239685,0.3760690689086914,0.6037158966064453,0.3160441517829895,0.6536545753479004,0.5681871175765991,0.649115800857544,0.48929446935653687,0.6442476511001587,0.4332606792449951,0.6387360095977783,0.3813779950141907
ok,0.7031517624855042,0.6860804557800293,0.636742889881134,0.679383397102356,0.5786935091018677,0.6465818881988525,0.5344868898391724,0.6286623477935791,0.4973110556602478,0.6064501404762268,0.5667093396186829,0.5361304879188538,0.5177391767501831,0.4970851540565491,0.49886420369148254,0.532619297504425,0.49692022800445557,0.5723783373832703,0.5781050324440002,0.5141122341156006,0.5349683165550232,0.43966907262802124,0.49686533212661743,0.4068184494972229,0.46579545736312866,0.37925854325294495,0.6012570261955261,0.5109300017356873,0.5747618079185486,0.42078739404678345,0.5483300685882568,0.3692944049835205,0.524568498134613,0.32415127754211426,0.6292551755905151,0.5261710286140442,0.6185411214828491,0.45842042565345764,0.6075068116188049,0.4111739993095398,0.5960755944252014,0.365166574716568
ok,0.8119868040084839,0.7351231575012207,0.7309507131576538,0.6886758804321289,0.6627516746520996,0.6072267293930054,0.6136881709098816,0.5447754263877869,0.5774381160736084,0.47953900694847107,0.6890444159507751,0.45655736327171326,0.6463485956192017,0.36179202795028687,0.6074156761169434,0.38150086998939514,0.5825014710426331,0.42416003346443176,0.7302664518356323,0.42959779500961304,0.6987907886505127,0.3065684139728546,0.6646208167076111,0.2283390462398529,0.635322093963623,0.16263112425804138,0.7779678106307983,0.43940284848213196,0.78476881980896,0.30736300349235535,0.7773641347885132,0.21611496806144714,0.7667452096939087,0.13605043292045593,0.8248872756958008,0.4811481237411499,0.8612744212150574,0.38775700330734253,0.8835358023643494,0.3134511411190033,0.9008582830429077,0.24384450912475586
ok,0.6383421421051025,0.6709886789321899,0.573409914970398,0.6650692224502563,0.5158736705780029,0.6341392397880554,0.46928098797798157,0.6138550043106079,0.42827320098876953,0.5905649662017822,0.5065245032310486,0.5306875705718994,0.4586004614830017,0.49438074231147766,0.4360659718513489,0.5241647958755493,0.42732366919517517,0.5595872402191162,0.5175670981407166,0.5019376873970032,0.4738277196884155,0.431683748960495,0.43583670258522034,0.3996818959712982,0.40235820412635803,0.37328293919563293,0.5401347279548645,0.4924064576625824,0.5155881643295288,0.40855637192726135,0.489324688911438,0.35912591218948364,0.46428102254867554,0.31714892387390137,0.5668649673461914,0.5012888312339783,0.5545896291732788,0.4327545464038849,0.5414079427719116,0.38533079624176025,0.526829183101654,0.3415318429470062
ok,0.7629395127296448,0.9303539991378784,0.7259571552276611,0.9039021134376526,0.6941845417022705,0.8608086109161377,0.6712174415588379,0.8255411386489868,0.6544743180274963,0.790510892868042,0.7019652724266052,0.7843848466873169,0.6823880672454834,0.7322366237640381,0.664505124092102,0.7410621643066406,0.6535429358482361,0.7649611830711365,0.7237659096717834,0.772148609161377,0.7118151783943176,0.707506537437439,0.699342668056488,0.6685997247695923,0.6889798641204834,0.6380825042724609,0.7481035590171814,0.778311550617218,0.750549852848053,0.7163023352622986,0.7479191422462463,0.6739406585693359,0.7442845702171326,0.638471245765686,0.7716096639633179,0.8004171252250671,0.7882890105247498,0.760097086429596,0.7995144128799438,0.728865385055542,0.8093100786209106,0.6995609402656555
ok,0.787339448928833,0.9470469951629639,0.7392483949661255,0.9016692042350769,0.7084915041923523,0.8548298478126526,0.6782506704330444,0.827172040939331,0.651292085647583,0.8011641502380371,0.7298094630241394,0.794236421585083,0.6863455772399902,0.749052107334137,0.6643840074539185,0.7620766758918762,0.6502225399017334,0.7833077311515808,0.7400804758071899,0.7997339963912964,0.7032743692398071,0.7210276126861572,0.6742092967033386,0.6908383965492249,0.6500457525253296,0.6690736413002014,0.7482584714889526,0.820767879486084,0.723008930683136,0.731155514717102,0.7068202495574951,0.696679949760437,0.6926629543304443,0.6649977564811707,0.7502745985984802,0.8436278104782104,0.7378986477851868,0.7952616810798645,0.7293283343315125,0.762848436832428,0.7196663618087769,0.7268031239509583
ok,0.7739375829696655,0.9483308792114258,0.7290447950363159,0.9141104221343994,0.6944441795349121,0.864145815372467,0.6680691838264465,0.8348286747932434,0.644818127155304,0.8049681186676025,0.7084202766418457,0.7896625995635986,0.6868677735328674,0.7400264143943787,0.6673767566680908,0.7523265480995178,0.653139054775238,0.7775443196296692,0.7213988304138184,0.7820689082145691,0.7073718905448914,0.7170026302337646,0.6833289861679077,0.6928240060806274,0.6609714031219482,0.6826308369636536,0.7367274761199951,0.7872186899185181,0.7288144826889038,0.7217388153076172,0.7078775763511658,0.6956341862678528,0.6857425570487976,0.6842148303985596,0.7529993057250977,0.8017987012863159,0.7537558078765869,0.748019278049469,0.7386423945426941,0.7196343541145325,0.7185772061347961,0.7022107839584351
ok,0.7740829586982727,0.9507132172584534,0.7286471724510193,0.9170883893966675,0.6938042640686035,0.8676881790161133,0.6680342555046082,0.8386870622634888,0.6449857950210571,0.8095619678497314,0.7078520655632019,0.7926312685012817,0.6854400634765625,0.7434142231941223,0.6659038066864014,0.7571769952774048,0.6514948010444641,0.7824928760528564,0.721101701259613,0.7855177521705627,0.7068936824798584,0.7201826572418213,0.6823442578315735,0.6947521567344666,0.6591886878013611,0.6823197603225708,0.736903965473175,0.7918229699134827,0.7292181849479675,0.7268168330192566,0.7089076638221741,0.7001198530197144,0.6869596242904663,0.6869319081306458,0.753589391708374,0.8080549836158752,0.7541279196739197,0.7552081346511841,0.7403022646903992,0.7265193462371826,0.7213765978813171,0.7077058553695679
ok,0.8615642189979553,0.6109516024589539,0.7790086269378662,0.5660878419876099,0.7083907723426819,0.49608057737350464,0.6609386205673218,0.43082156777381897,0.6377859711647034,0.35437342524528503,0.7312251925468445,0.35432493686676025,0.6986112594604492,0.2624635696411133,0.6695306301116943,0.2664232850074768,0.64908766746521,0.2954700291156769,0.7705144286155701,0.32404381036758423,0.7421519756317139,0.21337580680847168,0.707622766494751,0.1553141176700592,0.6711962223052979,0.11220401525497437,0.8150103688240051,0.3220657408237457,0.7949994802474976,0.2104564756155014,0.7696304321289062,0.14607051014900208,0.7387228012084961,0.09347093105316162,0.8606902956962585,0.34165820479393005,0.8479558229446411,0.2454206496477127,0.8325297236442566,0.18342694640159607,0.8113977909088135,0.12672683596611023
ok,0.6919742226600647,0.6140230894088745,0.6221830248832703,0.5780928730964661,0.5792779326438904,0.5260561108589172,0.5450916886329651,0.4960173964500427,0.5100160241127014,0.462242990732193,0.6114300489425659,0.4330328702926636,0.5649996399879456,0.38244086503982544,0.534107506275177,0.40615877509117126,0.5170118808746338,0.4413517415523529,0.6224191784858704,0.42258328199386597,0.572784423828125,0.3412652611732483,0.5215342044830322,0.3336172103881836,0.4853143095970154,0.3426985740661621,0.6302939653396606,0.42562657594680786,0.5905538201332092,0.33308812975883484,0.5422409176826477,0.32007160782814026,0.507988691329956,0.3265830874443054,0.630469024181366,0.43812406063079834,0.603951632976532,0.359709233045578,0.5710899829864502,0.3325110673904419,0.541289210319519,0.3267275393009186
ok,0.5552665591239929,0.624320924282074,0.5127535462379456,0.6191028952598572,0.4783201813697815,0.5940815806388855,0.45330098271369934,0.5753602385520935,0.4282977283000946,0.5554412007331848,0.4810463786125183,0.5277794003486633,0.45382437109947205,0.5062935948371887,0.43889370560646057,0.521909773349762,0.4306892156600952,0.5439644455909729,0.4860020577907562,0.5123595595359802,0.45537734031677246,0.47308260202407837,0.4245971739292145,0.46819615364074707,0.39873945713043213,0.47202667593955994,0.4954603910446167,0.504584550857544,0.4688301086425781,0.45689886808395386,0.4405112862586975,0.44913530349731445,0.416789174079895,0.453834593296051,0.5056519508361816,0.5039587020874023,0.4855683445930481,0.4594210684299469,0.4618014693260193,0.4467179775238037,0.4386447072029114,0.44706475734710693
ok,0.6732137799263,0.7148184180259705,0.627481997013092,0.6861146688461304,0.5914422273635864,0.6376073360443115,0.5630648732185364,0.5986790657043457,0.5395688414573669,0.56172114610672,0.6141669750213623,0.554928719997406,0.5885549783706665,0.5026372671127319,0.5637244582176208,0.515580952167511,0.547876238822937,0.5384570956230164,0.6318347454071045,0.5379173159599304,0.616222083568573,0.46987593173980713,0.5893446803092957,0.4365581274032593,0.5647765398025513,0.4120314121246338,0.6522951722145081,0.5382773280143738,0.65449458360672,0.466636598110199,0.6413623094558716,0.42343538999557495,0.6274265050888062,0.38688626885414124,0.67186039686203,0.553165853023529,0.6886905431747437,0.5011463165283203,0.6925942897796631,0.4596269130706787,0.6932886838912964,0.4198787212371826
ok,0.7820367813110352,0.6975129842758179,0.7264482378959656,0.6887422800064087,0.6744861602783203,0.663607120513916,0.6364391446113586,0.6428783535957336,0.6060789823532104,0.6153121590614319,0.6708627343177795,0.5625932812690735,0.6287716627120972,0.5252385139465332,0.6109481453895569,0.5504932999610901,0.604061484336853,0.5841913223266602,0.6905492544174194,0.536259114742279,0.6534023880958557,0.4782147705554962,0.6180273294448853,0.45580345392227173,0.5854336619377136,0.44171905517578125,0.7188902497291565,0.529941976070404,0.7014407515525818,0.46066540479660034,0.6781365275382996,0.4217671751976013,0.6538747549057007,0.3889268636703491,0.7512101531028748,0.5425921082496643,0.7564546465873718,0.4861433804035187,0.7543683648109436,0.4436028003692627,0.7494386434555054,0.4031234383583069
ok,0.7987571954727173,0.8911941051483154,0.7568349242210388,0.8676621913909912,0.7208746075630188,0.8233679533004761,0.6942391991615295,0.7916877269744873,0.6752109527587891,0.7591806650161743,0.7299752831459045,0.7499323487281799,0.7042641639709473,0.7002113461494446,0.6863913536071777,0.7114566564559937,0.676169753074646,0.7331321835517883,0.7475849986076355,0.7396174669265747,0.7300294637680054,0.6770704984664917,0.7123769521713257,0.6432440280914307,0.6969437003135681,0.6183216571807861,0.7687587738037109,0.7464996576309204,0.7594383955001831,0.6874804496765137,0.749904215335846,0.649995744228363,0.7400537133216858,0.6191577911376953,0.7900044918060303,0.7659426927566528,0.7833813428878784,0.7183204889297485,0.7762027382850647,0.6861079931259155,0.768153727054596,0.656409502029419
ok,0.6852542161941528,0.7518420815467834,0.6076222062110901,0.6951043605804443,0.550155758857727,0.6162077188491821,0.5041285157203674,0.564344048500061,0.4686947464942932,0.5039986968040466,0.5849126577377319,0.4823310971260071,0.5387217998504639,0.41212642192840576,0.5028460621833801,0.4329352080821991,0.477838397026062,0.4754323959350586,0.6100381016731262,0.4620761573314667,0.5930495262145996,0.3491055965423584,0.5486800074577332,0.30650895833969116,0.5041324496269226,0.2934783101081848,0.6388534903526306,0.46867355704307556,0.6305790543556213,0.3502871096134186,0.5908830761909485,0.2999038100242615,0.548814594745636,0.27872994542121887,0.664587140083313,0.4942875802516937,0.6670819520950317,0.39962154626846313,0.6406542658805847,0.34324103593826294,0.6056183576583862,0.30520856380462646
ok,0.6713931560516357,0.787348210811615,0.5686309337615967,0.7281444072723389,0.4858470857143402,0.6395143866539001,0.42218807339668274,0.58966064453125,0.3670797049999237,0.5254931449890137,0.5111258625984192,0.4476664960384369,0.44257527589797974,0.36370253562927246,0.39978015422821045,0.4096032977104187,0.3746185004711151,0.47261038422584534,0.5428931713104248,0.42240044474601746,0.4997749328613281,0.2872157096862793,0.4368396997451782,0.23584595322608948,0.37775176763534546,0.21030235290527344,0.5834285020828247,0.43383800983428955,0.5581256151199341,0.28831344842910767,0.5060533285140991,0.2253779172897339,0.45187389850616455,0.1909807324409485,0.6235765218734741,0.47177812457084656,0.6140431761741638,0.35351526737213135,0.5737830400466919,0.2841842770576477,0.5238282084465027,0.235340416431427
ok,0.6634732484817505,0.7656026482582092,0.6077003479003906,0.729034960269928,0.5670087933540344,0.6685522794723511,0.5343402028083801,0.6254514455795288,0.5041875839233398,0.5809382200241089,0.5879751443862915,0.5685921907424927,0.5570778846740723,0.5113884806632996,0.5324993133544922,0.5251294374465942,0.5156236886978149,0.5545269846916199,0.608328640460968,0.5540308952331543,0.5955520272254944,0.4717843532562256,0.5640659332275391,0.43677160143852234,0.5322105884552002,0.41936570405960083,0.6313319206237793,0.5597201585769653,0.6245443820953369,0.4767965078353882,0.5973377823829651,0.43924206495285034,0.5677281618118286,0.4197005331516266,0.6530463695526123,0.5797213912010193,0.6536551713943481,0.5127576589584351,0.6355666518211365,0.474432110786438,0.6109346151351929,0.4481290876865387
ok,0.6544232368469238,0.7268800735473633,0.5793231129646301,0.6673843264579773,0.5296472311019897,0.5982538461685181,0.48674410581588745,0.5617303848266602,0.4463972747325897,0.5197643041610718,0.5567919015884399,0.4826485812664032,0.5099012851715088,0.4236229360103607,0.4742039740085602,0.447859525680542,0.4525364935398102,0.48773515224456787,0.570306658744812,0.4727271497249603,0.5377399325370789,0.3699817657470703,0.4899651110172272,0.33431923389434814,0.44693347811698914,0.3174903988838196,0.5881742238998413,0.48065218329429626,0.5638257265090942,0.37012818455696106,0.5241843461990356,0.3217010796070099,0.48763591051101685,0.2943406105041504,0.6020556092262268,0.500637948513031,0.592385470867157,0.4150017499923706,0.5643982291221619,0.36191967129707336,0.5334102511405945,0.323697030544281
ok,0.6987606883049011,0.7478326559066772,0.6272040009498596,0.6780053377151489,0.5768315196037292,0.5948992371559143,0.5357142686843872,0.5434508919715881,0.49921122193336487,0.48705020546913147,0.6157305240631104,0.4759519398212433,0.5783913135528564,0.3993251621723175,0.5408403277397156,0.42176300287246704,0.5133477449417114,0.45953434705734253,0.6356070041656494,0.46414709091186523,0.6131235957145691,0.35663750767707825,0.5667867660522461,0.31868547201156616,0.5237443447113037,0.3009323179721832,0.6595068573951721,0.4737001657485962,0.6523341536521912,0.35924461483955383,0.61839359998703,0.3084368109703064,0.5829747915267944,0.2798547148704529,0.681736946105957,0.4975073039531708,0.6844159960746765,0.4036773443222046,0.6623134613037109,0.3462079167366028,0.6326063275337219,0.3030529022216797
ok,0.66749107837677,0.7271060943603516,0.5978575348854065,0.6762371063232422,0.5473973751068115,0.6115123629570007,0.5059373378753662,0.5714365839958191,0.46531644463539124,0.5290235877037048,0.5704575181007385,0.5018191933631897,0.5289945602416992,0.44443178176879883,0.496096134185791,0.4678521752357483,0.47595763206481934,0.5039316415786743,0.5848339796066284,0.4872164726257324,0.5558110475540161,0.39364659786224365,0.5096887946128845,0.35915273427963257,0.46974289417266846,0.34001263976097107,0.6043024063110352,0.4907551407814026,0.5912134647369385,0.3875047564506531,0.5517199039459229,0.3475540280342102,0.5150002241134644,0.32892900705337524,0.6231529116630554,0.5065436959266663,0.619797945022583,0.4210546612739563,0.5914581418037415,0.3767845630645752,0.5585047602653503,0.34984147548675537
ok,0.6766455173492432,0.7249403595924377,0.6191444396972656,0.6899541616439819,0.5728884935379028,0.6340739727020264,0.5350889563560486,0.5920759439468384,0.5033183693885803,0.5535017848014832,0.5998061299324036,0.5354456901550293,0.5610715746879578,0.4804537892341614,0.5304858684539795,0.496071457862854,0.5110011696815491,0.5245640873908997,0.618041455745697,0.5129584670066833,0.5980874300003052,0.4288969039916992,0.5723177194595337,0.37923967838287354,0.5489628314971924,0.3407546281814575,0.6404592990875244,0.5149278044700623,0.6480868458747864,0.4270455837249756,0.6438576579093933,0.36737436056137085,0.6374669671058655,0.31612250208854675,0.6605963706970215,0.5361418128013611,0.679797887802124,0.4722890257835388,0.6879475712776184,0.4239577054977417,0.6930216550827026,0.37887853384017944
ok,0.6786730885505676,0.7316272854804993,0.616113543510437,0.6906434297561646,0.5685675740242004,0.6322935819625854,0.528546154499054,0.5914669632911682,0.4922406077384949,0.5539990663528442,0.5926525592803955,0.528245210647583,0.5488976836204529,0.47337231040000916,0.5177753567695618,0.49558940529823303,0.4972977340221405,0.5305067896842957,0.6085304021835327,0.5116420388221741,0.5869760513305664,0.42420434951782227,0.5552504658699036,0.3772221803665161,0.5251288414001465,0.3392869830131531,0.6285820007324219,0.52092444896698,0.632845401763916,0.4275945723056793,0.6206218004226685,0.36795881390571594,0.6062647104263306,0.31608515977859497,0.6455287933349609,0.5489994287490845,0.6586024165153503,0.4859991669654846,0.6594182252883911,0.4377501904964447,0.6563359498977661,0.39090263843536377
ok,0.5002796649932861,0.69782555103302,0.3681304156780243,0.6265923976898193,0.28802746534347534,0.558799684047699,0.2118910551071167,0.5277011394500732,0.1371821016073227,0.49149632453918457,0.3079124689102173,0.36963075399398804,0.1950521618127823,0.33057406544685364,0.1447606235742569,0.40511730313301086,0.12185266613960266,0.47486045956611633,0.32539281249046326,0.3575131297111511,0.2277827262878418,0.19798262417316437,0.13681592047214508,0.1434074342250824,0.05880841612815857,0.10315433144569397,0.3478654623031616,0.3852299749851227,0.28631412982940674,0.18087688088417053,0.22189050912857056,0.07854482531547546,0.16635675728321075,-0.013313114643096924,0.36491912603378296,0.434404194355011,0.34500694274902344,0.28964290022850037,0.31704312562942505,0.190466970205307,0.28732967376708984,0.09198686480522156
ok,0.6067862510681152,0.7045120000839233,0.5438647866249084,0.6592119932174683,0.4903324246406555,0.5817230343818665,0.45219531655311584,0.5141716003417969,0.42246055603027344,0.4478830099105835,0.5167849659919739,0.4488118886947632,0.4824409484863281,0.3606815040111542,0.4502922296524048,0.36559271812438965,0.42909181118011475,0.39851251244544983,0.5589423775672913,0.42257609963417053,0.542471706867218,0.3061562776565552,0.5209482312202454,0.2310909628868103,0.501950204372406,0.16843822598457336,0.601965069770813,0.4320641756057739,0.6196627020835876,0.32096579670906067,0.6216956377029419,0.24228137731552124,0.6192559003829956,0.1718609631061554,0.6408908367156982,0.47188901901245117,0.6859539151191711,0.4024387001991272,0.715572714805603,0.343843013048172,0.739973783493042,0.2892073392868042
ok,0.16718192398548126,0.6460122466087341,0.22746120393276215,0.6143498420715332,0.28470557928085327,0.5556226968765259,0.3304503858089447,0.5190535187721252,0.3687518835067749,0.49237215518951416,0.25992628931999207,0.4435209333896637,0.30639877915382385,0.4015076756477356,0.338561475276947,0.4261382520198822,0.35998326539993286,0.463996559381485,0.23307035863399506,0.42029181122779846,0.2552185356616974,0.3400302529335022,0.2920295298099518,0.2915419638156891,0.32263725996017456,0.25555863976478577,0.20317909121513367,0.4230975806713104,0.19920770823955536,0.32529181241989136,0.21300008893013,0.2608155906200409,0.23033633828163147,0.20999911427497864,0.17671209573745728,0.44895124435424805,0.1473080962896347,0.37918126583099365,0.13193315267562866,0.3231438100337982,0.12399282306432724,0.27185189723968506
ok,0.16692908108234406,0.6364536881446838,0.22693249583244324,0.6017888784408569,0.27721062302589417,0.5392181873321533,0.32184961438179016,0.5009280443191528,0.35842037200927734,0.46105557680130005,0.2554696500301361,0.43698233366012573,0.30126139521598816,0.3836625814437866,0.33320295810699463,0.4022608995437622,0.35493847727775574,0.43651294708251953,0.23605948686599731,0.42370784282684326,0.27473947405815125,0.3424205780029297,0.3146361708641052,0.32061702013015747,0.3483644127845764,0.3200303316116333,0.21226733922958374,0.4297391176223755,0.2474031299352646,0.34859156608581543,0.2881969213485718,0.3167285621166229,0.3259594738483429,0.30252718925476074,0.18952304124832153,0.4494180679321289,0.21806582808494568,0.3813632130622864,0.2477579265832901,0.3421366214752197,0.2786405682563782,0.3176208734512329
ok,0.16301745176315308,0.6596089601516724,0.22341492772102356,0.6280197501182556,0.2708812654018402,0.5630463361740112,0.3049509823322296,0.5072164535522461,0.3332395553588867,0.45927694439888,0.2579137682914734,0.4714239835739136,0.28591519594192505,0.41191816329956055,0.30805084109306335,0.41089901328086853,0.32826757431030273,0.42839398980140686,0.2301713228225708,0.4503803551197052,0.24942493438720703,0.3711636960506439,0.27405989170074463,0.33031731843948364,0.3011872470378876,0.3008604049682617,0.1998002678155899,0.4504660964012146,0.21210980415344238,0.36944860219955444,0.22871091961860657,0.3179630637168884,0.2504604160785675,0.27750521898269653,0.1674424707889557,0.46515870094299316,0.17919720709323883,0.40088173747062683,0.18947598338127136,0.35409873723983765,0.20380499958992004,0.3121664524078369
ok,0.3587516248226166,0.5833262205123901,0.4401646852493286,0.5398067831993103,0.4822302758693695,0.4853993058204651,0.5207861065864563,0.4600772261619568,0.5620254874229431,0.43856459856033325,0.4147855341434479,0.3713236153125763,0.48328897356987,0.3250293731689453,0.5270370244979858,0.33306753635406494,0.5570058822631836,0.3536149263381958,0.4051557183265686,0.36935651302337646,0.4867230951786041,0.30341675877571106,0.5405247211456299,0.2819095253944397,0.5823585987091064,0.27691102027893066,0.40680286288261414,0.3875856399536133,0.4837339222431183,0.3118138313293457,0.5369020104408264,0.28277748823165894,0.5761656165122986,0.2684944272041321,0.422456294298172,0.4184773862361908,0.47897854447364807,0.3556576669216156,0.5175571441650391,0.3211674690246582,0.5509132742881775,0.2980220913887024
ok,0.65470951795578,0.7705150246620178,0.6049224138259888,0.7549735903739929,0.5619803667068481,0.7098702192306519,0.5278751850128174,0.6809809803962708,0.4966130256652832,0.664453387260437,0.570574164390564,0.6338126063346863,0.5329421758651733,0.6026115417480469,0.5101083517074585,0.6198408007621765,0.4970256984233856,0.6443433165550232,0.5811611413955688,0.6125093102455139,0.5577581524848938,0.5467972755432129,0.534804105758667,0.5084049701690674,0.5162959694862366,0.47853997349739075,0.5981371402740479,0.6102354526519775,0.5957012176513672,0.5385560393333435,0.5884279012680054,0.49251288175582886,0.5808087587356567,0.45386481285095215,0.615139901638031,0.6227082014083862,0.6219455003738403,0.5683469772338867,0.6250697374343872,0.5296048521995544,0.6266193389892578,0.4952487051486969
ok,0.6521379947662354,0.7761111259460449,0.6086452007293701,0.7595202922821045,0.5697382688522339,0.7146232724189758,0.5410592555999756,0.6817179918289185,0.5153871774673462,0.6530913710594177,0.5837268233299255,0.6449676752090454,0.5546347498893738,0.6108393669128418,0.5326395034790039,0.617754340171814,0.5180204510688782,0.6390594244003296,0.5957349538803101,0.6249868273735046,0.5850438475608826,0.5593616962432861,0.5571930408477783,0.537428617477417,0.5311695337295532,0.5366595983505249,0.6111816167831421,0.6200940012931824,0.6078091859817505,0.5513714551925659,0.582436740398407,0.5261459350585938,0.5574691891670227,0.5202446579933167,0.6254400610923767,0.6255906820297241,0.6252259016036987,0.5701471567153931,0.6057239770889282,0.5417481660842896,0.5829330682754517,0.5269105434417725
ok,0.5798584222793579,0.7228564023971558,0.5203046798706055,0.6964397430419922,0.4687134325504303,0.6459447145462036,0.4273909628391266,0.6094136238098145,0.3916271924972534,0.5702570080757141,0.481003075838089,0.5444890260696411,0.4399888515472412,0.5019102096557617,0.4121634066104889,0.52070152759552,0.39566534757614136,0.5562834143638611,0.49644580483436584,0.5203255414962769,0.4767239987850189,0.4331721067428589,0.4365323483943939,0.4071747064590454,0.3990235924720764,0.4069247245788574,0.5167245864868164,0.5160625576972961,0.5087611675262451,0.42413926124572754,0.47292986512184143,0.391740083694458,0.4372909367084503,0.38538461923599243,0.5350989103317261,0.5269504189491272,0.5339329838752747,0.451816201210022,0.5079329609870911,0.4128783345222473,0.4758656919002533,0.39201050996780396
ok,0.7081943154335022,0.8268671631813049,0.6606515049934387,0.7946678400039673,0.6269526481628418,0.741635262966156,0.6022738218307495,0.7005470991134644,0.5848351120948792,0.6597155928611755,0.6515303254127502,0.668130099773407,0.6318727731704712,0.6159399747848511,0.6097777485847473,0.6230713725090027,0.5947721004486084,0.6419523358345032,0.6681801676750183,0.6545524001121521,0.6537060141563416,0.5887848734855652,0.6253759264945984,0.5628039240837097,0.5998688340187073,0.5497139096260071,0.6871623396873474,0.6547355651855469,0.6816210150718689,0.5859361886978149,0.6595127582550049,0.5529314279556274,0.6367391347885132,0.5331757068634033,0.7060889005661011,0.6649609208106995,0.7061201930046082,0.6084747314453125,0.6916264891624451,0.5746085047721863,0.6722294688224792,0.5494827628135681
ok,0.748945951461792,0.8424867391586304,0.6886807084083557,0.8118999004364014,0.6488890647888184,0.777025043964386,0.6177703738212585,0.7641199827194214,0.588471531867981,0.742957592010498,0.6574196219444275,0.6990419030189514,0.6166154742240906,0.6715144515037537,0.5975812673568726,0.6936946511268616,0.5902354717254639,0.7221795320510864,0.6642478704452515,0.6925845742225647,0.6235852241516113,0.6301210522651672,0.5891155004501343,0.6123462319374084,0.5613239407539368,0.6053183674812317,0.67348313331604,0.6968908309936523,0.6363403797149658,0.628429114818573,0.6043233871459961,0.6042401194572449,0.57950758934021,0.5902095437049866,0.6793782114982605,0.7083662152290344,0.6553940773010254,0.6523515582084656,0.6314824223518372,0.6227092146873474,0.6099761128425598,0.6020954847335815
ok,0.7226893901824951,0.8807477355003357,0.6765273809432983,0.8546326756477356,0.6389134526252747,0.807819128036499,0.6105835437774658,0.7714879512786865,0.5907282829284668,0.7342204451560974,0.6590607762336731,0.7293810248374939,0.628932535648346,0.6870031952857971,0.607225775718689,0.6967679858207703,0.5930464863777161,0.7169317603111267,0.677474319934845,0.7106618285179138,0.6669344902038574,0.6458655595779419,0.6464637517929077,0.610226571559906,0.6251298785209656,0.586587131023407,0.696621835231781,0.7111887335777283,0.7042475938796997,0.6504972577095032,0.6917209625244141,0.6136772632598877,0.6743090748786926,0.5866560935974121,0.714963972568512,0.7255291938781738,0.7314049005508423,0.6801139712333679,0.7239635586738586,0.6492118835449219,0.708223819732666,0.6255261898040771
ok,0.21418353915214539,0.8966331481933594,0.2590266764163971,0.8615657687187195,0.297713965177536,0.8017710447311401,0.3316396474838257,0.7634875774383545,0.35983508825302124,0.7334674000740051,0.27652254700660706,0.720420777797699,0.30750182271003723,0.6747271418571472,0.3332591652870178,0.6881434321403503,0.3519977033138275,0.7134650349617004,0.2565765976905823,0.7076473832130432,0.26987236738204956,0.6362733244895935,0.2936928868293762,0.5925621390342712,0.3132482171058655,0.5575185418128967,0.23477081954479218,0.7157440185546875,0.230934739112854,0.6393752694129944,0.23980015516281128,0.589307427406311,0.2514190375804901,0.5464738607406616,0.2147621214389801,0.7409154772758484,0.19624748826026917,0.6891384124755859,0.18896692991256714,0.6464047431945801,0.18630580604076385,0.6061848402023315
ok,0.1966630518436432,0.9171310663223267,0.23879477381706238,0.8846575617790222,0.2742408514022827,0.8260462880134583,0.3065873384475708,0.7854357361793518,0.32946425676345825,0.7473570108413696,0.25946247577667236,0.7484065294265747,0.28342077136039734,0.6974594593048096,0.30620330572128296,0.7064319849014282,0.32324284315109253,0.7318587899208069,0.24171754717826843,0.7384352684020996,0.2581874430179596,0.6706651449203491,0.2822568416595459,0.6472080945968628,0.30452486872673035,0.6391750574111938,0.22145721316337585,0.7439154982566833,0.23728440701961517,0.6766194701194763,0.26110658049583435,0.6469703316688538,0.2853865623474121,0.630178689956665,0.2012178748846054,0.7608083486557007,0.21440990269184113,0.707557201385498,0.2313896119594574,0.6761396527290344,0.2511019706726074,0.6538796424865723
ok,0.16092486679553986,0.9307408332824707,0.2016412764787674,0.9009010195732117,0.24013358354568481,0.8470246195793152,0.2704172134399414,0.8059503436088562,0.29597923159599304,0.771824300289154,0.2320098876953125,0.7656073570251465,0.26246121525764465,0.717225968837738,0.2809297442436218,0.7259355187416077,0.29267632961273193,0.7495307326316833,0.20868685841560364,0.751167893409729,0.22163927555084229,0.6804617643356323,0.23331786692142487,0.6317310333251953,0.24023890495300293,0.5916391611099243,0.18357302248477936,0.7584667205810547,0.1779991090297699,0.6883929967880249,0.17933674156665802,0.6397473812103271,0.1838696151971817,0.5969284772872925,0.158304363489151,0.7816131114959717,0.14306685328483582,0.7303510308265686,0.13589411973953247,0.6919158697128296,0.13273760676383972,0.6560192108154297
ok,0.13298997282981873,0.7360048294067383,0.18721501529216766,0.7078969478607178,0.2367795705795288,0.6509344577789307,0.2799621522426605,0.6133912205696106,0.31463348865509033,0.5797469019889832,0.22716929018497467,0.5557162165641785,0.26281246542930603,0.5068124532699585,0.2865585684776306,0.5222286581993103,0.30456581711769104,0.5508497953414917,0.20325912535190582,0.5353536009788513,0.22484458982944489,0.4633861780166626,0.25581079721450806,0.4278166592121124,0.2846265435218811,0.40359294414520264,0.17491415143013,0.5369778275489807,0.1805725395679474,0.4554096460342407,0.19773919880390167,0.4054388701915741,0.21965524554252625,0.3663075268268585,0.14614981412887573,0.5560680627822876,0.14161962270736694,0.4941597878932953,0.1442873775959015,0.4470692574977875,0.15231966972351074,0.4049793481826782
ok,0.15321290493011475,0.8261768221855164,0.2082192599773407,0.7925376892089844,0.2545229494571686,0.7377968430519104,0.29316309094429016,0.7013822197914124,0.32345908880233765,0.6588872075080872,0.23523813486099243,0.64287269115448,0.2691580653190613,0.5899370312690735,0.29671353101730347,0.6048647165298462,0.31849879026412964,0.6335670351982117,0.21803444623947144,0.6287367343902588,0.24376055598258972,0.5547338724136353,0.27703049778938293,0.5256207585334778,0.30973005294799805,0.5123121738433838,0.19605004787445068,0.6320134997367859,0.2177119106054306,0.5581874847412109,0.24656590819358826,0.5194291472434998,0.27770450711250305,0.49575453996658325,0.17458777129650116,0.647822916507721,0.1918121576309204,0.5853569507598877,0.21085511147975922,0.5454540252685547,0.2332708090543747,0.5171122550964355
ok,0.2964937686920166,0.7473888397216797,0.34577953815460205,0.7202277183532715,0.3895942270755768,0.6724786162376404,0.4277878403663635,0.6442161798477173,0.46175405383110046,0.6156030297279358,0.374359667301178,0.5855386257171631,0.41507676243782043,0.5430134534835815,0.4393773078918457,0.5645509362220764,0.4541381001472473,0.5952496528625488,0.36411207914352417,0.5743476748466492,0.3986870348453522,0.5095994472503662,0.4302057921886444,0.47929614782333374,0.4567914605140686,0.45970460772514343,0.3474119007587433,0.5790020823478699,0.37786680459976196,0.5105372667312622,0.4045621454715729,0.4724639654159546,0.42908281087875366,0.4442320764064789,0.3290674090385437,0.5940749049186707,0.3526255786418915,0.5426328778266907,0.372371643781662,0.5071911215782166,0.39253076910972595,0.47723376750946045
ok,0.14934667944908142,0.797548234462738,0.20915113389492035,0.7690516710281372,0.2639842927455902,0.7138259410858154,0.30795469880104065,0.6826525926589966,0.3450707793235779,0.6508749127388,0.25321921706199646,0.6112328767776489,0.29874667525291443,0.5690816640853882,0.3262922167778015,0.5926645994186401,0.3458210229873657,0.6252710819244385,0.23322713375091553,0.5904543995857239,0.26412615180015564,0.5136304497718811,0.3008439242839813,0.47815442085266113,0.335644006729126,0.4545471668243408,0.20763690769672394,0.591960072517395,0.2273501753807068,0.5122664570808411,0.25665482878685,0.469868004322052,0.2893208861351013,0.44192707538604736,0.1826857328414917,0.6098523139953613,0.19519354403018951,0.5428316593170166,0.21553756296634674,0.5047737956047058,0.24108383059501648,0.48086655139923096
ok,0.1581222414970398,0.8005326390266418,0.2194582223892212,0.7632380127906799,0.27424007654190063,0.7083156108856201,0.317368745803833,0.6670199036598206,0.33062905073165894,0.6148184537887573,0.23914891481399536,0.5917072296142578,0.2771177887916565,0.5348235964775085,0.30586811900138855,0.5507752895355225,0.3244785964488983,0.5813837051391602,0.21306319534778595,0.57089763879776,0.2378876805305481,0.4935189485549927,0.2705706059932709,0.4515070617198944,0.30057743191719055,0.42033928632736206,0.18287989497184753,0.5727150440216064,0.1932118535041809,0.4814639985561371,0.20816020667552948,0.42256927490234375,0.22654370963573456,0.3770502209663391,0.15107110142707825,0.5929890275001526,0.1558295488357544,0.5212656855583191,0.16154605150222778,0.4685555100440979,0.17120712995529175,0.42351529002189636
ok,0.5565489530563354,0.4465053081512451,0.6085940003395081,0.4338415861129761,0.6495850682258606,0.40918809175491333,0.6865854859352112,0.38951656222343445,0.7179856300354004,0.35838621854782104,0.6247084736824036,0.3200256824493408,0.6676966547966003,0.29666754603385925,0.6945610642433167,0.31486594676971436,0.7128218412399292,0.3359912037849426,0.6219190955162048,0.29863297939300537,0.6574423909187317,0.24921771883964539,0.6916454434394836,0.23000428080558777,0.7227030992507935,0.2202376425266266,0.6114004850387573,0.28700634837150574,0.6429707407951355,0.22578249871730804,0.6710641384124756,0.18452411890029907,0.6986759305000305,0.15615522861480713,0.5993979573249817,0.2821156978607178,0.6252954006195068,0.22257018089294434,0.6475605368614197,0.18358935415744781,0.6711760759353638,0.15721677243709564
ok,0.6835467219352722,0.9577747583389282,0.6349431276321411,0.9220411777496338,0.5971059799194336,0.8692858219146729,0.5675433278083801,0.8373523950576782,0.5376918315887451,0.811081051826477,0.6156630516052246,0.7988307476043701,0.5858287215232849,0.7536255717277527,0.5612602233886719,0.7672011852264404,0.544529139995575,0.7915641069412231,0.6279575228691101,0.7886289954185486,0.6088317632675171,0.7208149433135986,0.5805301070213318,0.6926800012588501,0.5543889403343201,0.6744839549064636,0.6426129341125488,0.792001485824585,0.6294219493865967,0.7211544513702393,0.603889524936676,0.6881951093673706,0.5793243050575256,0.6677879095077515,0.6573955416679382,0.8039165139198303,0.6504698991775513,0.7481995820999146,0.6334472298622131,0.7158650755882263,0.6127825379371643,0.6920151114463806
ok,0.7584531903266907,0.9605357646942139,0.6680348515510559,0.8898935317993164,0.6057144403457642,0.7977794408798218,0.5552710294723511,0.7370665669441223,0.5016537308692932,0.6853252649307251,0.6405798196792603,0.6590540409088135,0.5882956981658936,0.5808627009391785,0.5445514917373657,0.6083418130874634,0.5136367082595825,0.6527178883552551,0.6666802167892456,0.6409087181091309,0.6392315030097961,0.5213320255279541,0.5904687643051147,0.4651404321193695,0.5440911650657654,0.4278334975242615,0.6967064142227173,0.6505749821662903,0.6833455562591553,0.5220757722854614,0.6410346627235413,0.4640983045101166,0.5977252721786499,0.43106523156166077,0.7256876826286316,0.6787506341934204,0.7182002067565918,0.578799307346344,0.6879205703735352,0.5217070579528809,0.649573564529419,0.4799730181694031
ok,0.7069119215011597,0.9028204679489136,0.6370290517807007,0.8445594310760498,0.5930015444755554,0.7760524153709412,0.5567246675491333,0.7354761362075806,0.5164340734481812,0.6999863386154175,0.6303972005844116,0.6793205738067627,0.5827667713165283,0.6314136981964111,0.5456613898277283,0.6509323716163635,0.5160395503044128,0.6825433969497681,0.6453921794891357,0.6726088523864746,0.6151799559593201,0.5878526568412781,0.5745407342910767,0.5514099597930908,0.537024974822998,0.5293818116188049,0.6608120203018188,0.683275043964386,0.6403454542160034,0.588239312171936,0.6064706444740295,0.5460333228111267,0.5755165815353394,0.5213202834129333,0.6714906692504883,0.7034924030303955,0.6593768000602722,0.6311635375022888,0.6354259252548218,0.5872906446456909,0.6076030731201172,0.5531002283096313
ok,0.6600895524024963,0.8706644177436829,0.611100971698761,0.8471449017524719,0.5723082423210144,0.8055468797683716,0.5404312610626221,0.7763001918792725,0.5102455615997314,0.7527545094490051,0.5889885425567627,0.7244601845741272,0.5495228171348572,0.6921175122261047,0.5247904062271118,0.7093786597251892,0.507990300655365,0.7347204089164734,0.6022095084190369,0.7062972784042358,0.5839874744415283,0.6396514177322388,0.5552070140838623,0.6120303869247437,0.526753842830658,0.597926676273346,0.619112491607666,0.7072030305862427,0.6171380281448364,0.6394472718238831,0.6001983284950256,0.6001461744308472,0.5811206698417664,0.5714200735092163,0.6350802779197693,0.7218038439750671,0.6381778717041016,0.6696922779083252,0.6278963685035706,0.634753942489624,0.6124799251556396,0.6061925888061523
ok,0.4619758725166321,0.8175014853477478,0.4156491458415985,0.7978720664978027,0.38122597336769104,0.7668935060501099,0.3507445454597473,0.7489214539527893,0.32190150022506714,0.7329390645027161,0.403521329164505,0.6942362189292908,0.3620498478412628,0.6770780086517334,0.33386778831481934,0.6945226192474365,0.31610873341560364,0.7200706005096436,0.40980345010757446,0.679112434387207,0.38603103160858154,0.6133595705032349,0.352072149515152,0.592828094959259,0.32376736402511597,0.5895488262176514,0.4149155914783478,0.6764297485351562,0.3994801640510559,0.601828932762146,0.3728192448616028,0.5689708590507507,0.35228386521339417,0.5550437569618225,0.4123505651950836,0.6825497150421143,0.39973196387290955,0.6234918236732483,0.3786008059978485,0.5902653932571411,0.3572307825088501,0.5694755911827087
ok,0.7010327577590942,0.8476834297180176,0.6529107093811035,0.8321785926818848,0.6096401214599609,0.795842170715332,0.5781503319740295,0.759398877620697,0.5478000640869141,0.7278566360473633,0.6112009882926941,0.7132782340049744,0.5734519362449646,0.676751434803009,0.5529938340187073,0.6861481666564941,0.5419052839279175,0.7085683345794678,0.632402241230011,0.6870174407958984,0.605241596698761,0.623853862285614,0.5792518258094788,0.5912704467773438,0.5551021695137024,0.5687857866287231,0.6597728729248047,0.6802511811256409,0.6505017280578613,0.615630030632019,0.6354446411132812,0.5781130194664001,0.6186500191688538,0.5481290221214294,0.6889506578445435,0.6905776262283325,0.6950491070747375,0.635667622089386,0.6959035992622375,0.5966894626617432,0.6936755180358887,0.5623757243156433
ok,0.6478736996650696,0.8327539563179016,0.5948880314826965,0.80414879322052,0.5553000569343567,0.7586312294006348,0.5237438082695007,0.7250478863716125,0.49280989170074463,0.6924877762794495,0.5714965462684631,0.6837080717086792,0.5386633276939392,0.6448874473571777,0.5140315294265747,0.6575551629066467,0.49687036871910095,0.6813420057296753,0.5858657360076904,0.6679472327232361,0.5682684183120728,0.601945698261261,0.5367118716239929,0.5803558826446533,0.5074472427368164,0.5747570991516113,0.6027708053588867,0.6677142381668091,0.5913050174713135,0.598240315914154,0.5619490742683411,0.5712500214576721,0.5347277522087097,0.5607832074165344,0.6185521483421326,0.6764790415763855,0.6117598414421082,0.6181504130363464,0.5915228724479675,0.5877070426940918,0.5681760311126709,0.5690784454345703
ok,0.6629644632339478,0.8508403301239014,0.6041249632835388,0.8302502632141113,0.5621257424354553,0.8001963496208191,0.5257694721221924,0.7824625372886658,0.4938569962978363,0.7591751217842102,0.5668330192565918,0.7060639262199402,0.5238504409790039,0.67090904712677,0.5033164620399475,0.699651300907135,0.49591222405433655,0.7338173389434814,0.5772272348403931,0.6894202828407288,0.5433318018913269,0.6247478723526001,0.5074478983879089,0.5970597267150879,0.4754880666732788,0.5769776701927185,0.5939332246780396,0.6904522180557251,0.5807947516441345,0.6144900918006897,0.5617319941520691,0.5697101354598999,0.5444151759147644,0.5335122346878052,0.6108348369598389,0.706496000289917,0.6098523736000061,0.6488682627677917,0.60455322265625,0.6077512502670288,0.5988303422927856,0.5691628456115723
ok,0.6671735644340515,0.8493191003799438,0.6151045560836792,0.8233627080917358,0.5715905427932739,0.7809454202651978,0.5384935140609741,0.7462998032569885,0.5126817226409912,0.7087849378585815,0.587027370929718,0.6869944334030151,0.5544992685317993,0.6379954218864441,0.532100260257721,0.6537652015686035,0.5182302594184875,0.6807488203048706,0.6082445979118347,0.667066216468811,0.5877555012702942,0.5963531136512756,0.557790994644165,0.5632784366607666,0.5286569595336914,0.5452638864517212,0.6317762136459351,0.6678615212440491,0.6280086040496826,0.5979594588279724,0.6093890070915222,0.5583055019378662,0.5873000025749207,0.5302903652191162,0.6564964652061462,0.684405505657196,0.6656924486160278,0.6294323205947876,0.6559511423110962,0.5942909121513367,0.6383973956108093,0.5668543577194214
ok,0.5846218466758728,0.7958857417106628,0.5305612087249756,0.7851895689964294,0.4901164472103119,0.7604559659957886,0.4556608200073242,0.7493578195571899,0.42314788699150085,0.736294686794281,0.49283304810523987,0.680046021938324,0.4481193423271179,0.6617522239685059,0.4276944398880005,0.6887703537940979,0.4196122884750366,0.720219075679779,0.4962117671966553,0.6636778712272644,0.4520370364189148,0.6141732335090637,0.41007375717163086,0.6080868244171143,0.37694883346557617,0.6104037761688232,0.5041743516921997,0.6598585247993469,0.47020435333251953,0.5928476452827454,0.43381357192993164,0.5721858739852905,0.40760040283203125,0.563715398311615,0.509955644607544,0.6687886118888855,0.4798901379108429,0.6175658106803894,0.45094144344329834,0.5957788825035095,0.4248521327972412,0.5846562385559082
ok,0.6551526784896851,0.9063710570335388,0.6096463203430176,0.8807187080383301,0.5764936804771423,0.8427624702453613,0.5501337647438049,0.8158488869667053,0.5315127372741699,0.7832527756690979,0.5964869856834412,0.7588947415351868,0.569639265537262,0.7160111665725708,0.5480834245681763,0.7329021096229553,0.5350816249847412,0.7617934942245483,0.6032784581184387,0.7489715218544006,0.5774661898612976,0.6828666925430298,0.5496647357940674,0.6535444259643555,0.5253545641899109,0.632697582244873,0.6135273575782776,0.7489966154098511,0.5911269783973694,0.6790441274642944,0.5695793032646179,0.6436030864715576,0.5516759157180786,0.6186209321022034,0.6232847571372986,0.7569779753684998,0.6089698076248169,0.7013541460037231,0.5952186584472656,0.6659378409385681,0.5818929076194763,0.6371126770973206
ok,0.22343043982982635,0.7421940565109253,0.2790217101573944,0.7208589315414429,0.3302762508392334,0.6749994158744812,0.373940110206604,0.654680073261261,0.4099106192588806,0.6385563015937805,0.32107406854629517,0.5770406723022461,0.3636961281299591,0.5481307506561279,0.38832706212997437,0.5784696340560913,0.4030122458934784,0.613887369632721,0.3046492040157318,0.5569223165512085,0.3310045301914215,0.48191216588020325,0.36390411853790283,0.44305291771888733,0.3919673562049866,0.412942498922348,0.28222185373306274,0.5571573376655579,0.2920949459075928,0.4742816090583801,0.31057047843933105,0.4241727292537689,0.32960373163223267,0.38465389609336853,0.2588825821876526,0.5740443468093872,0.2598626911640167,0.5071325302124023,0.26473185420036316,0.45909571647644043,0.2710062861442566,0.41782689094543457
ok,0.057322509586811066,0.5041924715042114,0.12037165462970734,0.4766247272491455,0.17298130691051483,0.4225163459777832,0.22064776718616486,0.386462539434433,0.26033076643943787,0.350109726190567,0.14765682816505432,0.31204327940940857,0.19478270411491394,0.265189528465271,0.22648566961288452,0.2879065275192261,0.24717137217521667,0.32112306356430054,0.1214192807674408,0.2848981022834778,0.14900504052639008,0.2048753947019577,0.18812903761863708,0.16273491084575653,0.224286288022995,0.1327647715806961,0.0885109081864357,0.2836315333843231,0.10249246656894684,0.18940415978431702,0.12677811086177826,0.13267740607261658,0.15417492389678955,0.08802302181720734,0.05412270128726959,0.300641804933548,0.06003926694393158,0.2250375747680664,0.06697048246860504,0.16731958091259003,0.07749710977077484,0.11588805913925171
ok,0.45091357827186584,0.5744462609291077,0.5059307813644409,0.5184212923049927,0.5335758924484253,0.46779900789260864,0.5671716928482056,0.4361687898635864,0.6008782982826233,0.40225720405578613,0.4606572091579437,0.3871208429336548,0.5244699120521545,0.33492934703826904,0.5626351833343506,0.3522726893424988,0.586102306842804,0.3838391900062561,0.45299890637397766,0.3807399570941925,0.5010603666305542,0.2898567318916321,0.5421565771102905,0.2473187893629074,0.5782349109649658,0.23025862872600555,0.45513102412223816,0.39042893052101135,0.4926971197128296,0.2851084768772125,0.5243502259254456,0.23213152587413788,0.5517434477806091,0.20124328136444092,0.4726025462150574,0.4028819799423218,0.49576497077941895,0.32036739587783813,0.513722836971283,0.26920780539512634,0.5321658253669739,0.23041507601737976
ok,0.4310271739959717,0.5974487066268921,0.48982667922973633,0.5773443579673767,0.5302714109420776,0.5367766618728638,0.5585294365882874,0.5035589337348938,0.5788869857788086,0.4756476879119873,0.5203186273574829,0.45122748613357544,0.551503598690033,0.3950296938419342,0.5752389430999756,0.35322919487953186,0.5949141383171082,0.31983518600463867,0.5029421448707581,0.4254768490791321,0.5287761092185974,0.35945311188697815,0.5523328185081482,0.32071879506111145,0.5736901760101318,0.29322904348373413,0.4802154302597046,0.41108059883117676,0.488410621881485,0.33048951625823975,0.5000326633453369,0.27538204193115234,0.5124492645263672,0.23323403298854828,0.4552527666091919,0.40747031569480896,0.4599476754665375,0.3408113718032837,0.4657893478870392,0.2954576313495636,0.47328341007232666,0.25732865929603577
ok,0.864206850528717,0.695021390914917,0.7709652781486511,0.7142089605331421,0.6768631935119629,0.6945085525512695,0.6014202237129211,0.6968749165534973,0.5419865846633911,0.6969066262245178,0.6527640223503113,0.5427229404449463,0.5781094431877136,0.533774733543396,0.5544993281364441,0.5943920016288757,0.5590959787368774,0.6458543539047241,0.6632336378097534,0.4941135048866272,0.585364580154419,0.4146645665168762,0.5318034887313843,0.36069947481155396,0.4902430474758148,0.3066403269767761,0.6968610882759094,0.46385595202445984,0.6543541550636292,0.3436087965965271,0.625930905342102,0.2632138729095459,0.601538896560669,0.1943085491657257,0.7420217990875244,0.4567677974700928,0.7251123189926147,0.3465802073478699,0.7178813219070435,0.2650517523288727,0.7129321694374084,0.1928786337375641
ok,0.8034589290618896,0.636905312538147,0.7153818607330322,0.6636137962341309,0.6260412931442261,0.648201584815979,0.5640131235122681,0.638298749923706,0.5104240775108337,0.6286588907241821,0.6120253801345825,0.5095511674880981,0.5468221306800842,0.49375563859939575,0.5266484022140503,0.5357314348220825,0.5210458636283875,0.5842549800872803,0.6247900128364563,0.46882495284080505,0.5626221299171448,0.412399560213089,0.5143201947212219,0.41210147738456726,0.4806542992591858,0.43199804425239563,0.6501958966255188,0.4439745247364044,0.5952130556106567,0.37422746419906616,0.5418304800987244,0.373880535364151,0.502604603767395,0.3959423899650574,0.6823118329048157,0.4318563938140869,0.64150071144104,0.36842674016952515,0.6009429693222046,0.36809951066970825,0.5665791630744934,0.3908084034919739
ok,0.7906713485717773,0.6639702320098877,0.7033342123031616,0.6889839768409729,0.6172677874565125,0.6711570024490356,0.5525297522544861,0.6706381440162659,0.4972611665725708,0.6702626347541809,0.6079309582710266,0.5228217840194702,0.5384044051170349,0.5187128782272339,0.5172674059867859,0.5767490863800049,0.5157656669616699,0.6349852085113525,0.6179043650627136,0.4795304536819458,0.561994194984436,0.4068552851676941,0.509599506855011,0.41546928882598877,0.46808356046676636,0.4428870677947998,0.6414618492126465,0.45595699548721313,0.5902401208877563,0.35861799120903015,0.5357190370559692,0.3334121108055115,0.49190354347229004,0.3216424584388733,0.6681654453277588,0.45467692613601685,0.6410171985626221,0.3626149296760559,0.6118870377540588,0.29905009269714355,0.5839152932167053,0.24189621210098267
ok,0.795048713684082,0.651924729347229,0.7138317823410034,0.6933072805404663,0.6265673637390137,0.7017704248428345,0.5622029304504395,0.7092770338058472,0.5167626738548279,0.6774459481239319,0.5906581282615662,0.5522306561470032,0.5186594128608704,0.537024199962616,0.5091735124588013,0.5830493569374084,0.5248702168464661,0.6306360960006714,0.6015707850456238,0.5015599727630615,0.5351258516311646,0.4473905563354492,0.4885038733482361,0.4600546061992645,0.4593985676765442,0.49250826239585876,0.6274862289428711,0.46532589197158813,0.5643567442893982,0.3937385678291321,0.5072808861732483,0.37752223014831543,0.4625979959964752,0.3751959204673767,0.6608022451400757,0.4476258456707001,0.6172718405723572,0.3685469925403595,0.5776306390762329,0.3178735375404358,0.5409379601478577,0.2746993899345398
ok,0.7896265983581543,0.6484216451644897,0.7226954102516174,0.6962133646011353,0.6542142033576965,0.7244594097137451,0.5984840989112854,0.7480601072311401,0.5724880695343018,0.7103171348571777,0.6010749340057373,0.5749235153198242,0.5278156995773315,0.5775219798088074,0.5399976968765259,0.6333754062652588,0.574566662311554,0.6730009317398071,0.5986369848251343,0.5228633284568787,0.525361955165863,0.4790288805961609,0.4742498993873596,0.47336065769195557,0.42817091941833496,0.4715675711631775,0.6161548495292664,0.480621337890625,0.563428521156311,0.40087056159973145,0.5238417387008667,0.35316237807273865,0.49148961901664734,0.3165603280067444,0.6449587345123291,0.46209245920181274,0.6161094903945923,0.3742471933364868,0.5970220565795898,0.31159213185310364,0.5805840492248535,0.2574519217014313
ok,0.7629702687263489,0.8798698782920837,0.6539596319198608,0.8488607406616211,0.577221691608429,0.7845365405082703,0.5105718374252319,0.7482910752296448,0.45164334774017334,0.717015266418457,0.6073429584503174,0.6284862756729126,0.5385797619819641,0.5912958979606628,0.49202096462249756,0.6384379267692566,0.4746134281158447,0.6897451281547546,0.6308831572532654,0.5895251035690308,0.5851848721504211,0.47814154624938965,0.5521930456161499,0.4011717736721039,0.5314723253250122,0.3332501947879791,0.6662915945053101,0.5781598091125488,0.6634951829910278,0.45082247257232666,0.6645841002464294,0.3607710599899292,0.6682018637657166,0.2906652092933655,0.7016341090202332,0.590014636516571,0.7211475968360901,0.4783066511154175,0.7422310709953308,0.4022197723388672,0.7642636895179749,0.34000906348228455
ok,0.7709461450576782,0.6580176949501038,0.7086455821990967,0.6859971880912781,0.6462538242340088,0.6954904794692993,0.6027210354804993,0.7055920362472534,0.5864176750183105,0.6734861135482788,0.6140252351760864,0.5680001974105835,0.5552342534065247,0.5535998940467834,0.5583449006080627,0.6022040247917175,0.579397976398468,0.6429674625396729,0.6199031472206116,0.5322115421295166,0.5579081177711487,0.4894123673439026,0.5119943022727966,0.4731970429420471,0.4714745283126831,0.45672720670700073,0.6428733468055725,0.5047456622123718,0.5952088832855225,0.43585366010665894,0.5639966726303101,0.3914841413497925,0.5371555089950562,0.35270261764526367,0.6753261089324951,0.4957923889160156,0.6500165462493896,0.4256168007850647,0.6356838941574097,0.37501758337020874,0.6219254732131958,0.32889363169670105
ok,0.808661162853241,0.6128290891647339,0.7526795268058777,0.6541045904159546,0.6826276779174805,0.6625003218650818,0.6325939297676086,0.6774717569351196,0.5971105098724365,0.6961806416511536,0.6438856720924377,0.5693918466567993,0.5987449288368225,0.5965202450752258,0.5873186588287354,0.6362259984016418,0.5894681215286255,0.6662473678588867,0.6423007249832153,0.529179036617279,0.5733003616333008,0.503068745136261,0.5256936550140381,0.4790523052215576,0.4884986877441406,0.4545333683490753,0.6616924405097961,0.496824711561203,0.6159576177597046,0.432930588722229,0.5868639349937439,0.38486433029174805,0.5608355402946472,0.34466397762298584,0.6954407095909119,0.4795503318309784,0.6717676520347595,0.41004201769828796,0.6577489376068115,0.35907840728759766,0.6447142958641052,0.31589847803115845
ok,0.798224687576294,0.6034485697746277,0.7408405542373657,0.637465238571167,0.670559823513031,0.638380229473114,0.6213491559028625,0.6410964727401733,0.5821160078048706,0.6587679386138916,0.6390140652656555,0.5552502870559692,0.5900752544403076,0.5693747401237488,0.5775484442710876,0.6039926409721375,0.5736422538757324,0.6370337605476379,0.6413054466247559,0.5172265768051147,0.5773953199386597,0.5043479800224304,0.530211329460144,0.5118151307106018,0.49041688442230225,0.5225192904472351,0.6615299582481384,0.48686590790748596,0.6056474447250366,0.4450501501560211,0.5625392198562622,0.427265465259552,0.5226415395736694,0.4157602787017822,0.6934685707092285,0.465768039226532,0.6561518311500549,0.4167146682739258,0.6264201402664185,0.39030489325523376,0.5942565202713013,0.37407729029655457
ok,0.8018921613693237,0.6516265273094177,0.7424716353416443,0.6779060959815979,0.6658259034156799,0.6606943607330322,0.6118373870849609,0.6434409618377686,0.5699793696403503,0.642988383769989,0.6495604515075684,0.5654996633529663,0.6010410189628601,0.5625827312469482,0.5823913812637329,0.5859708189964294,0.5750983953475952,0.6143916845321655,0.6545544266700745,0.5199602246284485,0.5930227041244507,0.4844992756843567,0.5465642809867859,0.47311925888061523,0.5065971612930298,0.4695209562778473,0.6781041026115417,0.4874816834926605,0.6291621327400208,0.42015624046325684,0.5920559763908386,0.380398690700531,0.5564330816268921,0.3522293269634247,0.7155978083610535,0.46941477060317993,0.7015050053596497,0.4007592797279358,0.6800602078437805,0.364393949508667,0.6526983380317688,0.3431283235549927
ok,0.25925543904304504,0.7030558586120605,0.30690693855285645,0.6783580183982849,0.35009151697158813,0.6311330199241638,0.38775190711021423,0.597236156463623,0.4163728654384613,0.5634230971336365,0.3340763747692108,0.5444687008857727,0.3679802417755127,0.508598804473877,0.3928806185722351,0.5206124782562256,0.40860626101493835,0.5428209900856018,0.31625956296920776,0.5238070487976074,0.3373166024684906,0.4521160423755646,0.3562548756599426,0.40681952238082886,0.369820773601532,0.3669578433036804,0.293809711933136,0.5229398012161255,0.29604583978652954,0.44487667083740234,0.30306270718574524,0.39245545864105225,0.31017109751701355,0.3475634455680847,0.2701622247695923,0.53797447681427,0.26514527201652527,0.4751072824001312,0.26445385813713074,0.4301764667034149,0.26501142978668213,0.39084938168525696
ok,0.24240337312221527,0.6720741987228394,0.28602075576782227,0.6458532810211182,0.3255043029785156,0.5970852971076965,0.35659489035606384,0.5532793402671814,0.3729437589645386,0.5102435350418091,0.2903834581375122,0.5097570419311523,0.3246868848800659,0.4744148552417755,0.3490593135356903,0.4713224768638611,0.3682522177696228,0.4828545153141022,0.26411008834838867,0.4906786382198334,0.2675609290599823,0.41954725980758667,0.2908560335636139,0.38567236065864563,0.3159763813018799,0.3675936162471771,0.23730787634849548,0.4921414852142334,0.22188401222229004,0.42093899846076965,0.2319953441619873,0.37659215927124023,0.2494712769985199,0.3430180549621582,0.21518075466156006,0.5100327134132385,0.18557897210121155,0.4622187614440918,0.17011871933937073,0.4232873022556305,0.1624297797679901,0.38675713539123535
ok,0.6953912973403931,0.7967842221260071,0.6406496167182922,0.7714904546737671,0.5963866114616394,0.7242600321769714,0.5618948936462402,0.6950767636299133,0.5304800868034363,0.6735541820526123,0.6126173734664917,0.6430878043174744,0.5755747556686401,0.6017982363700867,0.5512506365776062,0.6206719279289246,0.5361374616622925,0.6511701941490173,0.6264995336532593,0.6260108947753906,0.6092798113822937,0.5560196042060852,0.578839898109436,0.5325444936752319,0.5500015616416931,0.5211300849914551,0.643664538860321,0.6266581416130066,0.6403590440750122,0.5532287359237671,0.6235968470573425,0.5149787664413452,0.6070871353149414,0.4847176671028137,0.6588398814201355,0.6419522166252136,0.6678205728530884,0.5887521505355835,0.6679540276527405,0.5500264763832092,0.6659703254699707,0.5133705139160156
ok,0.7017751932144165,0.779494047164917,0.6511945724487305,0.7647836208343506,0.6079508662223816,0.7334420680999756,0.5744727849960327,0.7117182016372681,0.5451189875602722,0.6880677342414856,0.6099922060966492,0.655121386051178,0.5749310255050659,0.6233971118927002,0.5546801686286926,0.6428869366645813,0.5449106693267822,0.6696221232414246,0.6190998554229736,0.6380170583724976,0.5934706926345825,0.576614499092102,0.564628005027771,0.5528032183647156,0.5393246412277222,0.5377710461616516,0.6332900524139404,0.6344579458236694,0.6141898036003113,0.5708160400390625,0.590621292591095,0.5403791069984436,0.5694069862365723,0.5205798149108887,0.6485021710395813,0.6404305696487427,0.63592129945755,0.5885111093521118,0.6181885004043579,0.5589869618415833,0.5988572239875793,0.536392867565155
ok,0.6896725296974182,0.8047420978546143,0.63474041223526,0.8110814094543457,0.5866445302963257,0.801088273525238,0.5512676239013672,0.804124653339386,0.5179542303085327,0.8052291870117188,0.5701961517333984,0.7239769101142883,0.5247977375984192,0.7201891541481018,0.5116879940032959,0.7540377378463745,0.5098041892051697,0.7887870073318481,0.5736870169639587,0.7120575904846191,0.5241175889968872,0.6766085624694824,0.48915019631385803,0.675418496131897,0.46024930477142334,0.6824053525924683,0.5838116407394409,0.7080758810043335,0.5367984771728516,0.6639642119407654,0.5050086975097656,0.6548946499824524,0.47943174839019775,0.655229389667511,0.5942029356956482,0.7131903767585754,0.5600882768630981,0.6772421002388,0.5346858501434326,0.6590666770935059,0.5106202960014343,0.6479771733283997
ok,0.6906759738922119,0.8611717224121094,0.6466481685638428,0.8263388872146606,0.6166321039199829,0.7693868279457092,0.5946714282035828,0.7272787094116211,0.5764574408531189,0.6887898445129395,0.6386380195617676,0.704053521156311,0.6197878122329712,0.653253972530365,0.5968116521835327,0.6559310555458069,0.5796414613723755,0.6721563935279846,0.655999481678009,0.6926379799842834,0.6517898440361023,0.6259523630142212,0.6367902159690857,0.5888042449951172,0.6220451593399048,0.5585157871246338,0.6745342016220093,0.6965904235839844,0.674780547618866,0.6304009556770325,0.6649123430252075,0.5887784361839294,0.6543540358543396,0.5557717084884644,0.6907311081886292,0.7103571891784668,0.6920755505561829,0.6564119458198547,0.6884473562240601,0.6195056438446045,0.6826974153518677,0.5855133533477783
ok,0.21574339270591736,0.6845916509628296,0.2914178669452667,0.6560513377189636,0.36354124546051025,0.6020724773406982,0.4166751503944397,0.5614678263664246,0.43619030714035034,0.5054787397384644,0.3313639163970947,0.46145838499069214,0.38255393505096436,0.40189236402511597,0.41618090867996216,0.42374372482299805,0.43719902634620667,0.4614832401275635,0.3012066185474396,0.42961546778678894,0.3381883502006531,0.34075188636779785,0.3822195529937744,0.2920602560043335,0.421907514333725,0.25450068712234497,0.26371902227401733,0.4197174310684204,0.2829231023788452,0.3195079565048218,0.3076062798500061,0.26009833812713623,0.33504268527030945,0.215681791305542,0.22308450937271118,0.4282539486885071,0.21908554434776306,0.34162360429763794,0.21797624230384827,0.27747732400894165,0.22315315902233124,0.221152663230896
peace,0.18235792219638824,0.8049548268318176,0.2188977599143982,0.7491879463195801,0.22452247142791748,0.6732347011566162,0.1900484263896942,0.617377758026123,0.1516331285238266,0.5857328176498413,0.22314459085464478,0.6017377972602844,0.23610559105873108,0.5280008912086487,0.24179671704769135,0.484011709690094,0.2454926073551178,0.44592660665512085,0.18661662936210632,0.6017110347747803,0.17014431953430176,0.5210387706756592,0.1606200486421585,0.4745839536190033,0.15046055614948273,0.43691307306289673,0.15554015338420868,0.6224347352981567,0.1444200873374939,0.5799309015274048,0.16398392617702484,0.623957097530365,0.17272329330444336,0.6582263112068176,0.1272754967212677,0.6524326801300049,0.11688833683729172,0.6034455299377441,0.13374364376068115,0.6302782893180847,0.1461702138185501,0.6609110236167908
peace,0.3691805303096771,0.8062077760696411,0.42447638511657715,0.7480350732803345,0.4499460458755493,0.6466161012649536,0.42329883575439453,0.5615689158439636,0.3682280480861664,0.5136914253234863,0.4328935742378235,0.5137779116630554,0.45311856269836426,0.40876108407974243,0.46278852224349976,0.3448920249938965,0.46658337116241455,0.28652259707450867,0.38367486000061035,0.5064647793769836,0.3627086579799652,0.37954556941986084,0.3489421606063843,0.3067134618759155,0.33061954379081726,0.24636876583099365,0.3400174379348755,0.5347956418991089,0.3427433669567108,0.4681262969970703,0.37263578176498413,0.5489884614944458,0.38080793619155884,0.6076104640960693,0.3003048300743103,0.5804613828659058,0.30458498001098633,0.5095207691192627,0.33295130729675293,0.5593332052230835,0.34693777561187744,0.6100659966468811
peace,0.2888500690460205,0.7885763645172119,0.3093181550502777,0.7588204741477966,0.3151703476905823,0.7143614888191223,0.2999049425125122,0.6792259812355042,0.2775038778781891,0.6651699542999268,0.3149730861186981,0.6750452518463135,0.32372042536735535,0.6286838054656982,0.3276937007904053,0.6013431549072266,0.33010178804397583,0.5780260562896729,0.29366546869277954,0.6739768981933594,0.2835416793823242,0.6239686012268066,0.2771678864955902,0.5955451726913452,0.2704491913318634,0.5724823474884033,0.27591463923454285,0.6849702596664429,0.27099117636680603,0.6585567593574524,0.2819313406944275,0.6859632730484009,0.28672677278518677,0.7075890898704529,0.2599025070667267,0.7028763294219971,0.25618550181388855,0.6762029528617859,0.2663882374763489,0.6919184923171997,0.27309107780456543,0.7095312476158142
peace,0.16425752639770508,0.5681884288787842,0.19028246402740479,0.5162023305892944,0.19040948152542114,0.4513248801231384,0.16184201836585999,0.40505731105804443,0.1306176781654358,0.3849030137062073,0.2003006488084793,0.40473392605781555,0.2111547589302063,0.3450082838535309,0.21681009232997894,0.3086901903152466,0.22073109447956085,0.27697867155075073,0.16956736147403717,0.4022892117500305,0.15536828339099884,0.34070155024528503,0.14562685787677765,0.30352044105529785,0.13664722442626953,0.2687351107597351,0.14502950012683868,0.4175998270511627,0.13160458207130432,0.3863086700439453,0.14600889384746552,0.4199158847332001,0.1554228663444519,0.4416864216327667,0.12482602894306183,0.4395364224910736,0.11111494898796082,0.40606606006622314,0.12147814780473709,0.425310343503952,0.13328522443771362,0.44441601634025574
peace,0.18929772078990936,0.534637451171875,0.21772563457489014,0.48343467712402344,0.21828684210777283,0.4183332920074463,0.18907800316810608,0.3683664798736572,0.15706384181976318,0.34863072633743286,0.22038190066814423,0.37420499324798584,0.2305201143026352,0.31248968839645386,0.23469118773937225,0.2751592695713043,0.23732686042785645,0.24265281856060028,0.1897229254245758,0.372280091047287,0.17433971166610718,0.308112770318985,0.1646384447813034,0.2694467306137085,0.15555080771446228,0.23543724417686462,0.165504589676857,0.38760969042778015,0.15232697129249573,0.3509841859340668,0.1686592549085617,0.38238540291786194,0.17833593487739563,0.4078017771244049,0.1443445235490799,0.4098074436187744,0.13077865540981293,0.37167811393737793,0.1433156430721283,0.38907092809677124,0.15562394261360168,0.41109389066696167
peace,0.2423945665359497,0.8555270433425903,0.26401129364967346,0.8201051354408264,0.26804840564727783,0.7688916325569153,0.2472151666879654,0.7331002950668335,0.22201964259147644,0.7200597524642944,0.26782816648483276,0.7257565259933472,0.27596086263656616,0.6756349802017212,0.28056037425994873,0.6459164023399353,0.28329309821128845,0.6213389039039612,0.24423953890800476,0.7264865636825562,0.2334016114473343,0.6750079393386841,0.22763995826244354,0.645934522151947,0.22118569910526276,0.620509922504425,0.22523172199726105,0.7402181625366211,0.21840444207191467,0.713742733001709,0.23121581971645355,0.7411313056945801,0.23738089203834534,0.7607219219207764,0.2087259739637375,0.7601087093353271,0.20273059606552124,0.732728123664856,0.21372976899147034,0.7479386329650879,0.22196178138256073,0.7639525532722473
peace,0.125640869140625,0.9363959431648254,0.14115455746650696,0.8919534087181091,0.1355677992105484,0.8399764895439148,0.10953353345394135,0.8091000318527222,0.08628486841917038,0.7901483774185181,0.14397025108337402,0.784182071685791,0.1476726084947586,0.7306255102157593,0.15034320950508118,0.6982237696647644,0.15238459408283234,0.6717285513877869,0.11908373981714249,0.7883406281471252,0.10546562075614929,0.7364993095397949,0.09571181237697601,0.7059170007705688,0.08803337812423706,0.6791595816612244,0.10004965960979462,0.8071261644363403,0.08358296006917953,0.7828185558319092,0.09266255050897598,0.8088891506195068,0.10120567679405212,0.8243034482002258,0.08613219112157822,0.8310245871543884,0.0733511745929718,0.8098230361938477,0.07939033210277557,0.8269495368003845,0.08745654672384262,0.840656578540802
peace,0.3674590289592743,0.911742091178894,0.42712658643722534,0.8563465476036072,0.4602530300617218,0.7638135552406311,0.43869245052337646,0.6863457560539246,0.3828962743282318,0.6394021511077881,0.4367191791534424,0.5909692049026489,0.4629786014556885,0.4700828492641449,0.4745498299598694,0.39652198553085327,0.4787699282169342,0.32807233929634094,0.3804892599582672,0.5843803286552429,0.35352271795272827,0.44220948219299316,0.3375968635082245,0.36179646849632263,0.318004310131073,0.29147306084632874,0.33235469460487366,0.6191856265068054,0.33658862113952637,0.5494665503501892,0.3683395981788635,0.6406645774841309,0.3782850205898285,0.703250527381897,0.29189687967300415,0.6771495342254639,0.294015109539032,0.6029061675071716,0.32427313923835754,0.656341016292572,0.34210026264190674,0.7092199325561523
peace,0.4384358525276184,0.8973153829574585,0.4932466745376587,0.8512281179428101,0.5174020528793335,0.7647901177406311,0.48209357261657715,0.705023467540741,0.43152862787246704,0.6800270080566406,0.4899598956108093,0.6282132863998413,0.5069804191589355,0.5347208976745605,0.513936460018158,0.48008760809898376,0.5141898393630981,0.430969774723053,0.4424104690551758,0.6275664567947388,0.40881019830703735,0.5219826698303223,0.3877958059310913,0.46667495369911194,0.3631656765937805,0.423722505569458,0.4071905314922333,0.6580398678779602,0.3969683051109314,0.5880696177482605,0.43015366792678833,0.6434643864631653,0.44527319073677063,0.6910066604614258,0.3791765570640564,0.7048994898796082,0.3770120441913605,0.6424162983894348,0.40588831901550293,0.6729139089584351,0.4245198667049408,0.7117670774459839
peace,0.44185423851013184,0.9449989795684814,0.49944064021110535,0.905043363571167,0.5294790267944336,0.819638192653656,0.5010888576507568,0.7574539184570312,0.45489880442619324,0.726618766784668,0.5081533789634705,0.6864659190177917,0.5241216421127319,0.5907108783721924,0.529983639717102,0.5303354859352112,0.5304216742515564,0.4765571355819702,0.4655090868473053,0.6788071990013123,0.4624367952346802,0.5634655952453613,0.4680684208869934,0.4967242479324341,0.46772822737693787,0.44070249795913696,0.4273330569267273,0.7020544409751892,0.4331938326358795,0.6229681968688965,0.45712587237358093,0.6952788233757019,0.46328768134117126,0.7489549517631531,0.39351069927215576,0.7457733750343323,0.4052285850048065,0.6810056567192078,0.4300336539745331,0.7254359722137451,0.43942707777023315,0.7693374752998352
peace,0.42245402932167053,0.8357844948768616,0.4530267119407654,0.80677729845047,0.46673819422721863,0.7539474368095398,0.4558204710483551,0.7118822932243347,0.43101397156715393,0.6890884637832642,0.45127320289611816,0.6815640926361084,0.4582784175872803,0.620949923992157,0.4611908197402954,0.5854090452194214,0.46123892068862915,0.554388165473938,0.42894142866134644,0.6801719069480896,0.42219236493110657,0.6109969019889832,0.42385774850845337,0.5702160000801086,0.42151573300361633,0.5367175340652466,0.4084460735321045,0.6958686113357544,0.4081481993198395,0.6473310589790344,0.427800714969635,0.6788105964660645,0.43483319878578186,0.706441342830658,0.39026448130607605,0.72137850522995,0.3953268229961395,0.6774108409881592,0.4137362241744995,0.6955175995826721,0.42236027121543884,0.7204761505126953
peace,0.24387119710445404,0.7966897487640381,0.272177129983902,0.7621869444847107,0.2752212584018707,0.7051433324813843,0.24706079065799713,0.6664355993270874,0.21792158484458923,0.6417053937911987,0.2728414535522461,0.6336879730224609,0.2777130901813507,0.5717291831970215,0.2792638838291168,0.5348843336105347,0.2786077857017517,0.5032806396484375,0.24624314904212952,0.6312897205352783,0.24495725333690643,0.5657562613487244,0.24468794465065002,0.5260011553764343,0.24314039945602417,0.49368011951446533,0.2225860208272934,0.6464066505432129,0.21511606872081757,0.6007691025733948,0.2266065925359726,0.6313148736953735,0.2349797636270523,0.6597629189491272,0.20093651115894318,0.6709927320480347,0.19350212812423706,0.6376035213470459,0.20699815452098846,0.6493329405784607,0.22057875990867615,0.6651758551597595
peace,0.19829422235488892,0.7956432104110718,0.22598493099212646,0.7548424005508423,0.2290630042552948,0.7070416808128357,0.21368713676929474,0.6616319417953491,0.18973562121391296,0.6356204152107239,0.23177015781402588,0.6426750421524048,0.2419307678937912,0.5850244760513306,0.24765604734420776,0.5513029098510742,0.2506910264492035,0.5224608182907104,0.2046709656715393,0.639879584312439,0.19949766993522644,0.5807191133499146,0.194915771484375,0.5452689528465271,0.1909254789352417,0.5085235834121704,0.1824103742837906,0.6540972590446472,0.1691642552614212,0.6095743775367737,0.17570139467716217,0.641287088394165,0.18140050768852234,0.6683050394058228,0.16119223833084106,0.6805513501167297,0.15105943381786346,0.6491364240646362,0.15831798315048218,0.6661022901535034,0.1667000651359558,0.6871237754821777
peace,0.18466001749038696,0.7709436416625977,0.2079063057899475,0.7352414131164551,0.20834140479564667,0.6848946213722229,0.1836753636598587,0.6490736603736877,0.15808331966400146,0.6262467503547668,0.21430878341197968,0.6201046109199524,0.22645807266235352,0.5685316324234009,0.23293820023536682,0.5377720594406128,0.23741461336612701,0.5118116140365601,0.18877895176410675,0.6182541251182556,0.18554086983203888,0.5621161460876465,0.18309040367603302,0.5282043218612671,0.18064269423484802,0.49786990880966187,0.166744202375412,0.6336776614189148,0.1591755747795105,0.5933017134666443,0.16667215526103973,0.6161029934883118,0.17212173342704773,0.6389689445495605,0.14756828546524048,0.6578184962272644,0.13761821389198303,0.6233909726142883,0.14640921354293823,0.6341625452041626,0.1568184792995453,0.6508870124816895
peace,0.19988347589969635,0.76114821434021,0.2261904627084732,0.7302601337432861,0.23541370034217834,0.6832422018051147,0.21858227252960205,0.6412257552146912,0.19618597626686096,0.6150757074356079,0.24089497327804565,0.6199185848236084,0.25404036045074463,0.5663266777992249,0.2604653239250183,0.5341190695762634,0.2648216485977173,0.5073493123054504,0.2169722020626068,0.6151308417320251,0.21820510923862457,0.558959424495697,0.21892763674259186,0.5219098329544067,0.21894963085651398,0.494049072265625,0.19504091143608093,0.6258358359336853,0.18894989788532257,0.5848532915115356,0.19414998590946198,0.5971882939338684,0.19803789258003235,0.6176018118858337,0.1743430495262146,0.6431776285171509,0.16544020175933838,0.6065579652786255,0.17152930796146393,0.6097844243049622,0.1797662377357483,0.6235730648040771
peace,0.6423537135124207,0.7456165552139282,0.6044639348983765,0.7069354057312012,0.5900042057037354,0.647320032119751,0.6031202077865601,0.5970792174339294,0.623896598815918,0.5646217465400696,0.5934039354324341,0.5826016068458557,0.5762960314750671,0.5141971111297607,0.5705901384353638,0.47628605365753174,0.5670343637466431,0.44157353043556213,0.6246064901351929,0.5768240094184875,0.636202335357666,0.49622437357902527,0.6457909941673279,0.4530624747276306,0.6554571390151978,0.41708672046661377,0.6511721014976501,0.591158926486969,0.6525418758392334,0.5340651869773865,0.6356123089790344,0.5682321786880493,0.6255925893783569,0.6008241772651672,0.6747219562530518,0.6174574494361877,0.6812019348144531,0.5830128192901611,0.6669802665710449,0.5825621485710144,0.6532833576202393,0.5881815552711487
peace,0.6544293761253357,0.7460266351699829,0.6179767847061157,0.7108539342880249,0.6034624576568604,0.6503877639770508,0.621187150478363,0.5962971448898315,0.6445196270942688,0.566497266292572,0.6033105850219727,0.5879595875740051,0.589744508266449,0.5200962424278259,0.5836160778999329,0.48010408878326416,0.5800902843475342,0.4453684687614441,0.6329292058944702,0.5797430872917175,0.6261836886405945,0.5015905499458313,0.6229026317596436,0.4565313458442688,0.6235612630844116,0.418378621339798,0.6616172194480896,0.590226411819458,0.666425883769989,0.534172534942627,0.6575675010681152,0.5655760169029236,0.6512084007263184,0.5972669720649719,0.68821781873703,0.6131860017776489,0.692980945110321,0.5840340852737427,0.6843541860580444,0.5794692635536194,0.674964427947998,0.5787293910980225
peace,0.6827784776687622,0.6829333901405334,0.6497554183006287,0.63180011510849,0.6486085057258606,0.559319257736206,0.6796863675117493,0.5042189359664917,0.7108043432235718,0.478468120098114,0.6577791571617126,0.4965238571166992,0.6553554534912109,0.41812974214553833,0.6577854156494141,0.37330493330955505,0.6615340113639832,0.33530065417289734,0.6913653612136841,0.498631089925766,0.7036735415458679,0.4146725535392761,0.7131314873695374,0.3662745952606201,0.7229666709899902,0.32798054814338684,0.719367504119873,0.519466757774353,0.737325131893158,0.459221214056015,0.7257227301597595,0.4855378270149231,0.7144641876220703,0.5162630081176758,0.7432762980461121,0.5517886281013489,0.7575972080230713,0.5230200886726379,0.750268816947937,0.5174630880355835,0.7394670844078064,0.5178045630455017
peace,0.7159717082977295,0.7021456956863403,0.6808792948722839,0.6618278622627258,0.6689325571060181,0.6022691130638123,0.6938764452934265,0.5495349764823914,0.7194536924362183,0.5126206874847412,0.6710405945777893,0.5196373462677002,0.659961462020874,0.4475058615207672,0.6555377244949341,0.4038735330104828,0.6543036699295044,0.3653917610645294,0.7044508457183838,0.5124298334121704,0.7035381197929382,0.42983517050743103,0.7043067216873169,0.3826971650123596,0.7072159051895142,0.34312576055526733,0.7336400151252747,0.5267624855041504,0.7438058257102966,0.46562767028808594,0.7394499182701111,0.4870342016220093,0.7343537211418152,0.513218879699707,0.760526716709137,0.555165708065033,0.7713931798934937,0.5139449238777161,0.7612282633781433,0.5156387090682983,0.7474729418754578,0.5271831154823303
peace,0.5878567695617676,0.9171620607376099,0.5108041763305664,0.8538967370986938,0.46992814540863037,0.7542988657951355,0.49746185541152954,0.668049693107605,0.5500509142875671,0.6137359142303467,0.4868614375591278,0.5612059235572815,0.45453035831451416,0.4277225136756897,0.4383699893951416,0.34338080883026123,0.42839932441711426,0.26526498794555664,0.5522303581237793,0.5482497215270996,0.5656741261482239,0.39032086730003357,0.5740944743156433,0.2985617220401764,0.5874620079994202,0.21040961146354675,0.6077153086662292,0.5837761759757996,0.6234855651855469,0.4539704918861389,0.5903893113136292,0.5474709868431091,0.5720805525779724,0.6287479996681213,0.6567400097846985,0.6508890986442566,0.6666915416717529,0.5599504709243774,0.6303213834762573,0.5956456065177917,0.5993129014968872,0.6444284319877625
peace,0.6804900169372559,0.7875920534133911,0.6659292578697205,0.7600867748260498,0.6663306951522827,0.7244088649749756,0.6864069104194641,0.6952120661735535,0.7025362849235535,0.6745483875274658,0.6568958759307861,0.6796888113021851,0.6517565846443176,0.6377275586128235,0.6494625806808472,0.6115840077400208,0.6484273076057434,0.589469850063324,0.6746615767478943,0.6777610182762146,0.6735474467277527,0.6327193975448608,0.6763563752174377,0.6051650643348694,0.6804088354110718,0.5829868316650391,0.6904664039611816,0.6876198649406433,0.6967576146125793,0.6616727709770203,0.697699785232544,0.6740815043449402,0.6970880627632141,0.6877304911613464,0.7041807770729065,0.7031717896461487,0.7108038663864136,0.6809027791023254,0.7123006582260132,0.6781939268112183,0.7117899656295776,0.6784397959709167
peace,0.705053985118866,0.8160682916641235,0.683722972869873,0.7909859418869019,0.6756047010421753,0.7574794888496399,0.6904757618904114,0.7259864807128906,0.7051267623901367,0.7030928134918213,0.6679485440254211,0.7036852240562439,0.6565451622009277,0.6602892875671387,0.6504242420196533,0.6338205933570862,0.6468417048454285,0.611126720905304,0.6883689165115356,0.6980102062225342,0.6873655319213867,0.6489750742912292,0.6880294680595398,0.6179745197296143,0.6894137263298035,0.594143271446228,0.7067016363143921,0.7060904502868652,0.7100224494934082,0.6711326241493225,0.710353434085846,0.6773755550384521,0.7095238566398621,0.6906201839447021,0.7236394882202148,0.7222809195518494,0.7295575737953186,0.694964587688446,0.7262607216835022,0.693449854850769,0.72053062915802,0.7010589241981506
peace,0.6855071187019348,0.8757315874099731,0.6750795841217041,0.8494909405708313,0.6785624623298645,0.8165013194084167,0.6989500522613525,0.7929786443710327,0.7153502702713013,0.7788349390029907,0.6738189458847046,0.7732353806495667,0.6728000044822693,0.7333158254623413,0.6730458736419678,0.7091087102890015,0.674430787563324,0.6892580389976501,0.6901814341545105,0.7743809223175049,0.6941699385643005,0.7324351668357849,0.6994307041168213,0.7075181603431702,0.7053278684616089,0.6886050701141357,0.7037878036499023,0.7852514386177063,0.7127159237861633,0.758713960647583,0.713381290435791,0.7665643095970154,0.7121726870536804,0.7784003615379333,0.714939534664154,0.8011482954025269,0.7235570549964905,0.7806510329246521,0.7235251665115356,0.7827472686767578,0.7213708162307739,0.7899283170700073
peace,0.2274221032857895,0.9001458883285522,0.23245076835155487,0.8721991777420044,0.22754250466823578,0.8370764255523682,0.2116033285856247,0.8164206147193909,0.19777341187000275,0.8081644773483276,0.24207399785518646,0.7970527410507202,0.24700996279716492,0.7599190473556519,0.24975338578224182,0.7361781597137451,0.251836895942688,0.7165120840072632,0.22689910233020782,0.7978670597076416,0.22419977188110352,0.7616899013519287,0.2189621776342392,0.739812970161438,0.21614275872707367,0.7211823463439941,0.21433812379837036,0.8090311884880066,0.2020052671432495,0.7930813431739807,0.20128485560417175,0.811565101146698,0.2056921124458313,0.822810173034668,0.20611393451690674,0.8249463438987732,0.19360752403736115,0.8096218109130859,0.1932627558708191,0.8212629556655884,0.19735097885131836,0.8317458033561707
peace,0.13894861936569214,0.8436278104782104,0.15116389095783234,0.8110640048980713,0.14799192547798157,0.7705771923065186,0.1281098872423172,0.7426967620849609,0.10914035886526108,0.7237284183502197,0.16358764469623566,0.7166380286216736,0.17228122055530548,0.6712898015975952,0.17757464945316315,0.6426336765289307,0.18174271285533905,0.6185308694839478,0.14407603442668915,0.7157289385795593,0.14062003791332245,0.6703585982322693,0.13493257761001587,0.6416204571723938,0.13140203058719635,0.618649959564209,0.12736323475837708,0.7272742390632629,0.11614386737346649,0.7047638297080994,0.11458435654640198,0.7265011072158813,0.11705450713634491,0.7430923581123352,0.11493296176195145,0.7439451217651367,0.10261962562799454,0.7228162884712219,0.10132413357496262,0.7333943247795105,0.10447009652853012,0.7446669936180115
peace,0.1407911479473114,0.7038273811340332,0.17086675763130188,0.6875390410423279,0.18781690299510956,0.6491137742996216,0.18072578310966492,0.6084884405136108,0.166304811835289,0.5752691626548767,0.21473392844200134,0.5987001061439514,0.24291348457336426,0.5594151616096497,0.2589389979839325,0.5329526662826538,0.2720213830471039,0.5093721151351929,0.19452275335788727,0.5822755098342896,0.20924820005893707,0.52943354845047,0.21619103848934174,0.4949994683265686,0.22290506958961487,0.4649176001548767,0.17146608233451843,0.5813428163528442,0.17838090658187866,0.5476217865943909,0.1719752997159958,0.578981339931488,0.16654300689697266,0.6032136678695679,0.14852145314216614,0.5907219052314758,0.14997851848602295,0.5623630285263062,0.1495770663022995,0.5856814980506897,0.14976918697357178,0.6093079447746277
peace,0.15570688247680664,0.734824001789093,0.19134655594825745,0.7164746522903442,0.22125448286533356,0.6754170060157776,0.2368178516626358,0.6310783624649048,0.22468391060829163,0.601438045501709,0.21350041031837463,0.6284268498420715,0.23920296132564545,0.5731599926948547,0.2521643042564392,0.5442374348640442,0.26086562871932983,0.5174064040184021,0.19795238971710205,0.6151312589645386,0.20746459066867828,0.5408803820610046,0.21729758381843567,0.5049895644187927,0.2225024402141571,0.47415053844451904,0.1818632185459137,0.6154887080192566,0.2019125074148178,0.5647867321968079,0.21444302797317505,0.6003350615501404,0.21490631997585297,0.6287276744842529,0.16745740175247192,0.6243298053741455,0.18904298543930054,0.5870638489723206,0.20495326817035675,0.6090601086616516,0.2094758301973343,0.6347923874855042
peace,0.1257411390542984,0.725584864616394,0.15364456176757812,0.6957053542137146,0.1662486493587494,0.6518511176109314,0.1557835340499878,0.6118213534355164,0.14029796421527863,0.5822328925132751,0.18455493450164795,0.6032795906066895,0.20215880870819092,0.5552719235420227,0.2116108536720276,0.5250528454780579,0.21910245716571808,0.49871987104415894,0.1632927656173706,0.5942502617835999,0.17328032851219177,0.5412136316299438,0.17841248214244843,0.5083315372467041,0.1834213137626648,0.47938257455825806,0.14110565185546875,0.5996018648147583,0.14152100682258606,0.5627375841140747,0.14172758162021637,0.5880162119865417,0.1425900161266327,0.6103676557540894,0.1194106787443161,0.6131764054298401,0.11535727977752686,0.5809324979782104,0.12002234905958176,0.5968742370605469,0.12637460231781006,0.6175025105476379
peace,0.0966867208480835,0.6722087264060974,0.13096949458122253,0.657108724117279,0.15544049441814423,0.6176241040229797,0.1542789340019226,0.5724008679389954,0.14316952228546143,0.5353178381919861,0.18619069457054138,0.5701176524162292,0.21809303760528564,0.5311073660850525,0.23644602298736572,0.5052196979522705,0.2514153718948364,0.4820482134819031,0.16632287204265594,0.550554633140564,0.1884785294532776,0.4991401433944702,0.2013421505689621,0.46764126420021057,0.21310050785541534,0.4392038583755493,0.1424047201871872,0.5461457967758179,0.15365482866764069,0.5077685117721558,0.14722797274589539,0.5377854704856873,0.14138144254684448,0.5631715655326843,0.11741489171981812,0.5517376065254211,0.12229909747838974,0.5219461917877197,0.12306913733482361,0.5425640940666199,0.12355237454175949,0.565898060798645
peace,0.21651649475097656,0.637597918510437,0.23773793876171112,0.5944622159004211,0.23163048923015594,0.536453366279602,0.2028646022081375,0.4996111989021301,0.17190127074718475,0.48857203125953674,0.22081854939460754,0.48806101083755493,0.21610258519649506,0.4332207441329956,0.2099505215883255,0.4005802273750305,0.20374642312526703,0.37297874689102173,0.19422464072704315,0.49419882893562317,0.16984543204307556,0.44176003336906433,0.15594543516635895,0.4094449281692505,0.14342711865901947,0.3833368122577667,0.1752413660287857,0.5135713219642639,0.1584162563085556,0.47750136256217957,0.17818890511989594,0.49688154458999634,0.1910715252161026,0.517896831035614,0.1608678698539734,0.5395351648330688,0.1474645435810089,0.5062456130981445,0.16327306628227234,0.5134685635566711,0.178912952542305,0.5288131833076477
peace,0.37325143814086914,0.6315395832061768,0.4077467918395996,0.6138725876808167,0.4335838854312897,0.5697048306465149,0.4390619993209839,0.5191206932067871,0.425599068403244,0.4825318455696106,0.43922874331474304,0.5119484663009644,0.4650265574455261,0.4576619863510132,0.4774906039237976,0.42472928762435913,0.4861485958099365,0.3953842520713806,0.41910719871520996,0.4973674416542053,0.4297604560852051,0.42686736583709717,0.4384731650352478,0.3888857662677765,0.4436524212360382,0.35649049282073975,0.39799392223358154,0.4985855221748352,0.40873536467552185,0.44445738196372986,0.41922232508659363,0.4804341197013855,0.42099258303642273,0.5126392841339111,0.37724488973617554,0.5094002485275269,0.39149707555770874,0.47403526306152344,0.4047318994998932,0.4940369427204132,0.410004198551178,0.5192453265190125
peace,0.760275661945343,0.7968751192092896,0.7264551520347595,0.7847071290016174,0.6987711787223816,0.7533155679702759,0.6931975483894348,0.7035101056098938,0.6942999362945557,0.6615903377532959,0.6639554500579834,0.7102123498916626,0.6300954222679138,0.6695786118507385,0.6107466220855713,0.6432931423187256,0.5946558713912964,0.6202194690704346,0.6825180053710938,0.6861600875854492,0.6556676030158997,0.6300668716430664,0.6423504948616028,0.5941415429115295,0.6307837963104248,0.5633314847946167,0.7059719562530518,0.6786605715751648,0.695868968963623,0.6379925012588501,0.7085183262825012,0.6651902198791504,0.7176693677902222,0.6908814907073975,0.7319759130477905,0.6801300048828125,0.7275412082672119,0.6449007987976074,0.7319196462631226,0.6588375568389893,0.73505038022995,0.6779409050941467
peace,0.7328912615776062,0.8124746084213257,0.6922351121902466,0.7741652131080627,0.6760799288749695,0.7279359698295593,0.6666635870933533,0.6931963562965393,0.6629401445388794,0.6671366095542908,0.6990536451339722,0.6755005121231079,0.6826745867729187,0.6261603236198425,0.6737978458404541,0.596676230430603,0.6691807508468628,0.5705809593200684,0.7117491960525513,0.6741203665733337,0.6987774968147278,0.6090455055236816,0.6865619421005249,0.5710350275039673,0.6796685457229614,0.5414690971374512,0.7210283875465393,0.6831576228141785,0.6882052421569824,0.6397401690483093,0.667380690574646,0.6685848236083984,0.6605693101882935,0.6937851309776306,0.7237558364868164,0.7008109092712402,0.6901103854179382,0.6625611782073975,0.6732563376426697,0.6829662919044495,0.6683491468429565,0.7079360485076904
peace,0.7748523950576782,0.8253674507141113,0.7468886375427246,0.7840621471405029,0.7374861836433411,0.7369006872177124,0.753460168838501,0.6919803619384766,0.7701656222343445,0.6648569703102112,0.7205018401145935,0.6980789303779602,0.7086314558982849,0.6454768776893616,0.702987790107727,0.614197313785553,0.6988038420677185,0.5879080891609192,0.7449764013290405,0.6937545537948608,0.7412604689598083,0.6377365589141846,0.7417187094688416,0.600735068321228,0.7438633441925049,0.5716527700424194,0.7689111828804016,0.7032780051231384,0.7733074426651001,0.6658437252044678,0.7711647748947144,0.6721634268760681,0.7693874835968018,0.6871750950813293,0.7899483442306519,0.7189479470252991,0.7975437641143799,0.6889259815216064,0.794866144657135,0.6869338750839233,0.7913531064987183,0.6937422752380371
peace,0.7686722278594971,0.7774295806884766,0.7332496643066406,0.7390485405921936,0.716621458530426,0.685637354850769,0.7228983044624329,0.6365447044372559,0.7418097853660583,0.606619656085968,0.7262735366821289,0.6491698026657104,0.7079140543937683,0.593527615070343,0.6996228694915771,0.5600818991661072,0.6951306462287903,0.5291677117347717,0.7484303712844849,0.6406155824661255,0.7476107478141785,0.5703287124633789,0.7479076981544495,0.5314871072769165,0.7522040605545044,0.49944007396698,0.7699565291404724,0.6464524865150452,0.7663512229919434,0.5919076800346375,0.7511167526245117,0.6214735507965088,0.7448869943618774,0.6531500816345215,0.7911815047264099,0.6609466671943665,0.7882980108261108,0.6215920448303223,0.7728705406188965,0.6312151551246643,0.762272298336029,0.6507911682128906
peace,0.7633114457130432,0.5917231440544128,0.7198735475540161,0.5436176061630249,0.7032839059829712,0.4762101173400879,0.7218416333198547,0.4095883071422577,0.7450397610664368,0.36763691902160645,0.6821867227554321,0.42077282071113586,0.6591895818710327,0.35044318437576294,0.6482007503509521,0.3069440424442291,0.6410394310951233,0.26886698603630066,0.7167360782623291,0.4080055356025696,0.710813581943512,0.32518693804740906,0.7124578952789307,0.2722740173339844,0.7164520621299744,0.22839786112308502,0.7507337331771851,0.41710418462753296,0.755647599697113,0.35780346393585205,0.7542558908462524,0.37937039136886597,0.7541605234146118,0.4094212055206299,0.7820984721183777,0.43665066361427307,0.791780948638916,0.38965898752212524,0.7878113389015198,0.3960290253162384,0.7834179997444153,0.41468992829322815
peace,0.7118940353393555,0.5784492492675781,0.6687596440315247,0.5363669395446777,0.6469689011573792,0.4722513258457184,0.6435656547546387,0.4139752984046936,0.6659272909164429,0.3720290958881378,0.667009711265564,0.41578519344329834,0.6478132009506226,0.3430248200893402,0.6401979327201843,0.3034887909889221,0.638109028339386,0.2669241428375244,0.6931861042976379,0.407610148191452,0.7006459832191467,0.3137872815132141,0.7043692469596863,0.26099497079849243,0.7119845747947693,0.21938647329807281,0.7167302966117859,0.4170033931732178,0.7033961415290833,0.3496096432209015,0.6773273944854736,0.3899129331111908,0.6657315492630005,0.4291185438632965,0.7391813397407532,0.4337892532348633,0.725581169128418,0.37808752059936523,0.7029163241386414,0.3918900489807129,0.687649667263031,0.4170438051223755
peace,0.8333877921104431,0.5798366665840149,0.8000602722167969,0.5193101763725281,0.7979106903076172,0.4461071193218231,0.8279390335083008,0.3851098418235779,0.8464068174362183,0.34590286016464233,0.771484911441803,0.3848056197166443,0.7605274319648743,0.3082583248615265,0.7555442452430725,0.2626526951789856,0.7532662749290466,0.2257152497768402,0.8082299828529358,0.38492560386657715,0.8044625520706177,0.30723312497138977,0.8092886805534363,0.25876152515411377,0.8144954442977905,0.2252410352230072,0.8397759795188904,0.40403252840042114,0.8502339124679565,0.3502110540866852,0.8602843880653381,0.3591521978378296,0.8656232953071594,0.38099685311317444,0.8647187352180481,0.42573752999305725,0.8770959973335266,0.38574710488319397,0.886925995349884,0.3861710727214813,0.892646849155426,0.3973628878593445
peace,0.7158912420272827,0.6818270683288574,0.6801619529724121,0.6545406579971313,0.6605954170227051,0.6094308495521545,0.66655033826828,0.5582937598228455,0.6772705912590027,0.5246843695640564,0.640381932258606,0.5793458223342896,0.6170464158058167,0.532134473323822,0.6048671007156372,0.5028872489929199,0.5951769948005676,0.4772029519081116,0.6634364724159241,0.5646193623542786,0.651479184627533,0.5113063454627991,0.6476675868034363,0.4751529097557068,0.6457854509353638,0.4444759786128998,0.6875800490379333,0.5643100142478943,0.6860860586166382,0.5233920216560364,0.6852543354034424,0.5380095839500427,0.6864951252937317,0.5588467717170715,0.7105709910392761,0.5705350637435913,0.7125374674797058,0.5350684523582458,0.708159863948822,0.5377750396728516,0.7046058773994446,0.5506358742713928
peace,0.7774832844734192,0.7195551991462708,0.743721604347229,0.7042717337608337,0.7161245942115784,0.6692923307418823,0.7101943492889404,0.618010401725769,0.711438000202179,0.5751217007637024,0.6785680055618286,0.6296339631080627,0.6450884342193604,0.5861512422561646,0.6261899471282959,0.5584058165550232,0.6104743480682373,0.5343601703643799,0.6987818479537964,0.6061623692512512,0.6732314229011536,0.5473087430000305,0.6612467169761658,0.5092301368713379,0.6504186987876892,0.47608423233032227,0.7236517667770386,0.5990993976593018,0.7142384648323059,0.5538114309310913,0.7258704304695129,0.5817146301269531,0.7337779998779297,0.6082560420036316,0.7503429651260376,0.6009426712989807,0.7466152906417847,0.5632774829864502,0.7509398460388184,0.5775942802429199,0.7537590861320496,0.5969836711883545
peace,0.8039222359657288,0.7322577834129333,0.7730057835578918,0.6849228143692017,0.7662742733955383,0.6265838742256165,0.7888005375862122,0.5755600929260254,0.8118423223495483,0.544640839099884,0.7539181709289551,0.5755247473716736,0.7444963455200195,0.5119861364364624,0.741030216217041,0.47478610277175903,0.7396444082260132,0.44250035285949707,0.7845258116722107,0.5724574327468872,0.7897525429725647,0.503802478313446,0.7967445254325867,0.46173954010009766,0.804648220539093,0.4269603192806244,0.8118139505386353,0.587117612361908,0.8227911591529846,0.5432839393615723,0.8161965012550354,0.5621099472045898,0.8108034729957581,0.5868261456489563,0.8354166150093079,0.6101603507995605,0.8494581580162048,0.5723825097084045,0.8428052663803101,0.5773740410804749,0.8345449566841125,0.592272937297821
peace,0.7353891134262085,0.7345098257064819,0.7075989842414856,0.6996270418167114,0.6964514851570129,0.6571985483169556,0.7078307867050171,0.6147137880325317,0.7233259081840515,0.5907571911811829,0.683678150177002,0.6257965564727783,0.6711298227310181,0.5794777274131775,0.6655620336532593,0.5518338680267334,0.661801815032959,0.5279662609100342,0.7054376602172852,0.6193854212760925,0.7021921277046204,0.570293128490448,0.7027554512023926,0.5378885865211487,0.7050129175186157,0.5114507675170898,0.7269365787506104,0.6253641247749329,0.7311133742332458,0.5912234783172607,0.7272717952728271,0.6004154086112976,0.72517329454422,0.6180946230888367,0.7466870546340942,0.6375940442085266,0.7535062432289124,0.6083729267120361,0.7483317852020264,0.6072118878364563,0.7428334951400757,0.6168546080589294
peace,0.6787027716636658,0.7192586660385132,0.6600784659385681,0.6937994956970215,0.6546347737312317,0.6598988175392151,0.6664735078811646,0.6301543712615967,0.6801632642745972,0.6145956516265869,0.6483545303344727,0.635068953037262,0.6407101154327393,0.5991047024726868,0.6377914547920227,0.5777184963226318,0.6360275745391846,0.5591616630554199,0.6645970344543457,0.6314473748207092,0.6657183766365051,0.5921793580055237,0.6683351397514343,0.5675029158592224,0.6717710494995117,0.546973466873169,0.6795687079429626,0.6375517249107361,0.6849314570426941,0.6119861602783203,0.6811971664428711,0.6238740086555481,0.6787232160568237,0.6393810510635376,0.6930902600288391,0.6486414074897766,0.6995070576667786,0.6280634999275208,0.6948666572570801,0.630436360836029,0.689738392829895,0.6396138668060303
peace,0.18780750036239624,0.7645866870880127,0.20761962234973907,0.7289961576461792,0.2101641148328781,0.6833199262619019,0.19199377298355103,0.6507470607757568,0.16926781833171844,0.6381489634513855,0.21452130377292633,0.6421501040458679,0.22039923071861267,0.5965256094932556,0.2226051390171051,0.5691930055618286,0.2235703319311142,0.546392023563385,0.1921166628599167,0.6439362168312073,0.18372511863708496,0.5977460145950317,0.17858710885047913,0.5704704523086548,0.17385658621788025,0.545717716217041,0.173734650015831,0.6590555906295776,0.16500312089920044,0.6300978660583496,0.17422527074813843,0.6539453864097595,0.18070083856582642,0.6718661189079285,0.15784698724746704,0.6809167265892029,0.1518152356147766,0.6584773063659668,0.15938276052474976,0.6718202233314514,0.16700680553913116,0.6851229667663574
peace,0.12666088342666626,0.6076419353485107,0.15461282432079315,0.5648717284202576,0.16080209612846375,0.50848788022995,0.13982287049293518,0.46338126063346863,0.11548642069101334,0.43253540992736816,0.17687389254570007,0.45814645290374756,0.19077786803245544,0.40099987387657166,0.1978151500225067,0.36483338475227356,0.2019227147102356,0.3337252140045166,0.1491202414035797,0.45440033078193665,0.14926768839359283,0.3898259997367859,0.1473618596792221,0.34979918599128723,0.1447519063949585,0.314164936542511,0.12372858822345734,0.4688352644443512,0.11414996534585953,0.4349011182785034,0.12086719274520874,0.46622997522354126,0.12694421410560608,0.48766660690307617,0.1008753702044487,0.4924905598163605,0.0920734703540802,0.4625469446182251,0.09957372397184372,0.48166176676750183,0.10957629978656769,0.49947404861450195
peace,0.17985045909881592,0.6782072186470032,0.20178507268428802,0.6435524821281433,0.20796789228916168,0.6025518178939819,0.19562195241451263,0.5678144097328186,0.17778268456459045,0.5483963489532471,0.22032760083675385,0.5679436326026917,0.2289557009935379,0.5233358144760132,0.23203743994235992,0.4951907694339752,0.23315119743347168,0.47170042991638184,0.19964179396629333,0.5659767985343933,0.20010535418987274,0.5182721614837646,0.1994553655385971,0.48869821429252625,0.19901718199253082,0.4637582302093506,0.18040631711483002,0.5761615037918091,0.17479915916919708,0.549703061580658,0.1791365146636963,0.5696548819541931,0.18361987173557281,0.5859939455986023,0.16276618838310242,0.5924766659736633,0.15993788838386536,0.5722852349281311,0.16436588764190674,0.5830510258674622,0.17042508721351624,0.5948922038078308
peace,0.7483004927635193,0.7159713506698608,0.7279965281486511,0.6807298064231873,0.7251863479614258,0.6398282051086426,0.7434138655662537,0.6100896000862122,0.7575633525848389,0.5950647592544556,0.7136480212211609,0.6138952970504761,0.7060264348983765,0.5732061862945557,0.7022548317909241,0.5482379198074341,0.6994734406471252,0.5280218720436096,0.7322889566421509,0.6134498119354248,0.7281885147094727,0.5698509812355042,0.7288926839828491,0.5432479381561279,0.7302690148353577,0.5221335887908936,0.7496274709701538,0.6240628957748413,0.7561302781105042,0.5998455286026001,0.7574152946472168,0.6119749546051025,0.7563121318817139,0.6242857575416565,0.763752281665802,0.6382169127464294,0.771873414516449,0.6187583804130554,0.7703355550765991,0.6235367655754089,0.7662107348442078,0.6314279437065125
peace,0.7160578370094299,0.6479538679122925,0.6995787620544434,0.6182559728622437,0.6976412534713745,0.5835325717926025,0.7126846313476562,0.5577666759490967,0.7236065864562988,0.5431519746780396,0.6868478655815125,0.5594993829727173,0.6786416172981262,0.5246623158454895,0.6741279363632202,0.5034239292144775,0.6711217164993286,0.48624828457832336,0.7039840221405029,0.5594750046730042,0.7042737603187561,0.5220999717712402,0.7069709300994873,0.4994838237762451,0.7103455662727356,0.48259198665618896,0.7189876437187195,0.5693718194961548,0.724240779876709,0.5481343865394592,0.724169135093689,0.5592005848884583,0.7233313322067261,0.5702869296073914,0.7311521768569946,0.5823485851287842,0.7374739050865173,0.5631993412971497,0.7367169260978699,0.5676671862602234,0.7346760034561157,0.5752788186073303
peace,0.6765488386154175,0.8629014492034912,0.608546793460846,0.8174493312835693,0.568363606929779,0.7219005823135376,0.6031354069709778,0.6307122707366943,0.6457312703132629,0.5640466809272766,0.5621340870857239,0.5547187924385071,0.5263765454292297,0.4378141164779663,0.5097326040267944,0.364835649728775,0.4984784722328186,0.29686641693115234,0.6262701153755188,0.5376454591751099,0.6399895548820496,0.3884388208389282,0.6555988788604736,0.3006748855113983,0.6695052981376648,0.22278150916099548,0.6813600063323975,0.5692158341407776,0.6904246807098389,0.4806441366672516,0.675159215927124,0.575450599193573,0.6650795936584473,0.6443890333175659,0.7297250032424927,0.6303814649581909,0.7406665086746216,0.5708602070808411,0.7150068879127502,0.6295528411865234,0.6911218762397766,0.6841360330581665
peace,0.6742992997169495,0.8118575811386108,0.6106330156326294,0.7657278776168823,0.5769898295402527,0.6763966679573059,0.6078693866729736,0.584237813949585,0.6469739675521851,0.5221684575080872,0.5625694990158081,0.5472106337547302,0.5316970348358154,0.4376460313796997,0.5152944922447205,0.3692821264266968,0.503343939781189,0.30698361992836,0.6137827038764954,0.5247446894645691,0.5871434211730957,0.39352527260780334,0.5735622644424438,0.32419538497924805,0.5659180879592896,0.25619950890541077,0.665242075920105,0.5416488647460938,0.6655284762382507,0.45052629709243774,0.6591377854347229,0.5309017300605774,0.656004011631012,0.5933257341384888,0.7141855359077454,0.5855679512023926,0.7186180353164673,0.5215845108032227,0.6982144117355347,0.5698180198669434,0.6795591711997986,0.6190001964569092
peace,0.6844560503959656,0.7918258905410767,0.6251810193061829,0.7500379085540771,0.6005687713623047,0.677536129951477,0.6297471523284912,0.6160562634468079,0.6653392910957336,0.5732513070106506,0.6077713966369629,0.5335540175437927,0.5787674784660339,0.440768837928772,0.5649981498718262,0.3794368505477905,0.5567054748535156,0.32568565011024475,0.65763258934021,0.5223316550254822,0.664206862449646,0.4142521023750305,0.6648524403572083,0.35040658712387085,0.6672679781913757,0.297620564699173,0.6984007954597473,0.5457635521888733,0.7144753932952881,0.45551684498786926,0.693031370639801,0.5166079998016357,0.6787834763526917,0.5731319785118103,0.7326918244361877,0.5927925109863281,0.7303816676139832,0.5434777140617371,0.7036424875259399,0.5819150805473328,0.6819720268249512,0.6248306035995483
peace,0.7157256603240967,0.7245168685913086,0.6721357107162476,0.6827026605606079,0.6592063903808594,0.6160358786582947,0.6821978688240051,0.5626302361488342,0.7074018716812134,0.5275397300720215,0.6565791964530945,0.5335021018981934,0.6398488283157349,0.46412020921707153,0.6330575346946716,0.4201425313949585,0.6301473379135132,0.38221079111099243,0.6918742060661316,0.5254783630371094,0.6938753128051758,0.44717514514923096,0.6914476752281189,0.4048458933830261,0.6908453702926636,0.37077996134757996,0.7229058146476746,0.5377572774887085,0.7340065240859985,0.46615850925445557,0.7186708450317383,0.5017350316047668,0.7077795267105103,0.5412243008613586,0.7500577569007874,0.5640036463737488,0.751186728477478,0.517313539981842,0.7336995005607605,0.5324137806892395,0.718926727771759,0.5580610632896423
peace,0.15433630347251892,0.7681016325950623,0.1961209774017334,0.7143154144287109,0.205247163772583,0.6337549090385437,0.17783598601818085,0.5726068615913391,0.13849802315235138,0.5457232594490051,0.20325210690498352,0.568734884262085,0.20837292075157166,0.496132493019104,0.20752233266830444,0.4510946273803711,0.20514443516731262,0.40854495763778687,0.16876773536205292,0.5661721229553223,0.16485242545604706,0.4901787042617798,0.16173705458641052,0.4426409900188446,0.15706047415733337,0.39903169870376587,0.1360567808151245,0.5837855339050293,0.12631095945835114,0.5238181352615356,0.1451619565486908,0.5656825304031372,0.1563161313533783,0.6031510233879089,0.10448157787322998,0.6158300042152405,0.1026773452758789,0.5684996247291565,0.12483517825603485,0.5974977016448975,0.14148449897766113,0.633055567741394
peace,0.16978295147418976,0.786090075969696,0.22326971590518951,0.7410888671875,0.24913081526756287,0.6699536442756653,0.22082674503326416,0.623839795589447,0.1808946430683136,0.631758987903595,0.22013235092163086,0.5871819853782654,0.23161491751670837,0.5147043466567993,0.23600056767463684,0.4708493947982788,0.2382865995168686,0.42939379811286926,0.1875946819782257,0.5838590860366821,0.18239453434944153,0.5074275135993958,0.18483497202396393,0.4582656919956207,0.18331167101860046,0.41562938690185547,0.15882864594459534,0.5992552042007446,0.15208572149276733,0.5376803278923035,0.17556315660476685,0.5729128122329712,0.18709702789783478,0.6137669682502747,0.1307859718799591,0.6260170936584473,0.12716563045978546,0.5679969191551208,0.15005619823932648,0.5830055475234985,0.16566020250320435,0.6152496337890625
peace,0.6953898072242737,0.6455038785934448,0.6551212668418884,0.6003979444503784,0.6394714117050171,0.5348710417747498,0.6550146341323853,0.4756256937980652,0.6830794811248779,0.449578195810318,0.6434410810470581,0.47826647758483887,0.625450074672699,0.41126200556755066,0.6196014881134033,0.37225577235221863,0.6172651648521423,0.3366651237010956,0.6758151650428772,0.4709908962249756,0.6825995445251465,0.3923812210559845,0.6894033551216125,0.34493517875671387,0.6965479254722595,0.30719268321990967,0.7044272422790527,0.4822782874107361,0.7131412029266357,0.4182072877883911,0.7025638222694397,0.4421941936016083,0.694442868232727,0.47527986764907837,0.7324060201644897,0.5050256252288818,0.7428591251373291,0.4676075279712677,0.7305988669395447,0.4657794237136841,0.7163442969322205,0.4774458706378937
peace,0.6951023936271667,0.6545871496200562,0.6520090699195862,0.6214715838432312,0.6275351643562317,0.5617021322250366,0.6259918808937073,0.5058009624481201,0.6494500041007996,0.47145920991897583,0.6472446322441101,0.5072271823883057,0.6268098950386047,0.4381074905395508,0.6192856431007385,0.40174561738967896,0.6163943409919739,0.3688325881958008,0.6723368763923645,0.4983203411102295,0.6748042106628418,0.4102442264556885,0.6749743223190308,0.35984957218170166,0.6782222986221313,0.32225847244262695,0.6948109865188599,0.5062061548233032,0.6805711388587952,0.44138988852500916,0.6598567366600037,0.47708287835121155,0.6509926319122314,0.5141587257385254,0.7154632210731506,0.5215519070625305,0.7009153962135315,0.47482118010520935,0.6780818700790405,0.4828890264034271,0.6615150570869446,0.5013676285743713
peace,0.40881362557411194,0.9788907170295715,0.45983320474624634,0.9380986094474792,0.4848426580429077,0.8659707307815552,0.4645829498767853,0.8102328777313232,0.4284535348415375,0.7911158800125122,0.4606638252735138,0.7449580430984497,0.4882214367389679,0.6584418416023254,0.4976895749568939,0.5973907709121704,0.5016242265701294,0.5484322309494019,0.4168422222137451,0.7487683892250061,0.3961981236934662,0.6434935927391052,0.39167070388793945,0.5831313133239746,0.3892727792263031,0.5390147566795349,0.3814743161201477,0.7786734700202942,0.38316407799720764,0.7295796275138855,0.40560677647590637,0.7698805332183838,0.4176849126815796,0.8054940104484558,0.355832576751709,0.823456883430481,0.3627299964427948,0.7908257842063904,0.38037624955177307,0.8183475732803345,0.39044296741485596,0.8454378247261047
peace,0.43897396326065063,0.8745364546775818,0.48945721983909607,0.8275427222251892,0.5150275230407715,0.7573609948158264,0.5007686614990234,0.7054886221885681,0.46813082695007324,0.6881043910980225,0.4970174729824066,0.6837252378463745,0.5142800807952881,0.6022236347198486,0.5231391787528992,0.551791787147522,0.5290490388870239,0.5105379223823547,0.4608994424343109,0.6810275912284851,0.44947612285614014,0.5871907472610474,0.4471491277217865,0.5261792540550232,0.4444425106048584,0.47874879837036133,0.4264564514160156,0.699684739112854,0.42686164379119873,0.6455823183059692,0.4450518786907196,0.6817808747291565,0.454734742641449,0.7176428437232971,0.3963809907436371,0.7314103841781616,0.4043242335319519,0.6938977241516113,0.41900864243507385,0.7159984111785889,0.4253009259700775,0.7411916255950928
peace,0.4898003339767456,0.8080941438674927,0.45463722944259644,0.7794240713119507,0.43773674964904785,0.7298910021781921,0.4486458897590637,0.6841937899589539,0.4706978499889374,0.657983660697937,0.44939368963241577,0.6778784394264221,0.43561840057373047,0.6137425899505615,0.4303571581840515,0.5753009915351868,0.42762652039527893,0.542088508605957,0.47682103514671326,0.6734458208084106,0.4878416657447815,0.6048292517662048,0.4939297139644623,0.5635908842086792,0.5011558532714844,0.5299519300460815,0.500850260257721,0.6874761581420898,0.4969405233860016,0.6442926526069641,0.47777363657951355,0.6774057149887085,0.4700666069984436,0.7050328254699707,0.521760880947113,0.7127448916435242,0.5065314769744873,0.6961109638214111,0.486897349357605,0.7163994908332825,0.4783477783203125,0.7332904934883118
peace,0.5877606272697449,0.8114779591560364,0.5601117014884949,0.7765605449676514,0.5552875995635986,0.7280939817428589,0.5744740962982178,0.6880339980125427,0.596338152885437,0.6660493612289429,0.566282331943512,0.6904037594795227,0.5560703277587891,0.6327938437461853,0.5519781112670898,0.5980814099311829,0.5503621697425842,0.570162832736969,0.5887942910194397,0.6887864470481873,0.5991173386573792,0.6272439360618591,0.6062062382698059,0.5908890962600708,0.6142687797546387,0.5637416839599609,0.6071018576622009,0.69996577501297,0.6106097102165222,0.6645258069038391,0.5953460931777954,0.688046395778656,0.5867822170257568,0.7102759480476379,0.6224434971809387,0.7170968055725098,0.6151083111763,0.7011803388595581,0.5997171401977539,0.7154555916786194,0.5911407470703125,0.7292747497558594
peace,0.6435486674308777,0.854850172996521,0.6223469972610474,0.816044807434082,0.6198960542678833,0.7726783156394958,0.6397914886474609,0.7394121289253235,0.6604016423225403,0.720113217830658,0.6214156150817871,0.7331576943397522,0.616337239742279,0.6816511154174805,0.6149090528488159,0.6512316465377808,0.6140427589416504,0.6260382533073425,0.6428707838058472,0.7344955801963806,0.6551091074943542,0.6798069477081299,0.6633622050285339,0.6490539908409119,0.6715086102485657,0.6248375773429871,0.6607531309127808,0.7492781281471252,0.670045793056488,0.7159586548805237,0.6581421494483948,0.737478494644165,0.6505131721496582,0.7579523921012878,0.6750876307487488,0.7712902426719666,0.6824697852134705,0.7482795715332031,0.6702668070793152,0.7565633058547974,0.6592057347297668,0.7687069773674011
peace,0.6260491013526917,0.8608511090278625,0.5984369516372681,0.8262144327163696,0.5883002877235413,0.7823556661605835,0.5884970426559448,0.7487365007400513,0.602616548538208,0.728868842124939,0.6100096702575684,0.7372544407844543,0.6012650728225708,0.6840495467185974,0.5963736772537231,0.6537519097328186,0.5943413972854614,0.6277835965156555,0.62890625,0.7401769757270813,0.6340339183807373,0.6803831458091736,0.6355828046798706,0.6456189155578613,0.6376323103904724,0.6179090738296509,0.6433017253875732,0.7543905973434448,0.6296635270118713,0.7104146480560303,0.6119412779808044,0.7388954758644104,0.603162407875061,0.765754222869873,0.6510236263275146,0.7743691205978394,0.6271297335624695,0.7504969239234924,0.6055263876914978,0.7615970373153687,0.5913751125335693,0.7749356031417847
peace,0.6709779500961304,0.8696555495262146,0.6492525935173035,0.8315653204917908,0.6467241048812866,0.787403404712677,0.6682629585266113,0.752397358417511,0.6890289783477783,0.7306392788887024,0.644420325756073,0.7429590821266174,0.6408299803733826,0.6894705891609192,0.6400920748710632,0.6580571532249451,0.6396012902259827,0.6322959065437317,0.6673956513404846,0.7426151037216187,0.6781408190727234,0.6864544749259949,0.6844386458396912,0.6532180309295654,0.6904610395431519,0.6272393465042114,0.6864700317382812,0.7565207481384277,0.6933282017707825,0.7235568165779114,0.6835908889770508,0.74244624376297,0.6777061223983765,0.7618025541305542,0.701932430267334,0.7776039838790894,0.7078396081924438,0.7534867525100708,0.6966257095336914,0.7613240480422974,0.6869606971740723,0.7734863758087158
peace,0.6490225791931152,0.8206808567047119,0.6231298446655273,0.7840491533279419,0.6144882440567017,0.7388553619384766,0.6290525794029236,0.6983053684234619,0.6482598781585693,0.6744413375854492,0.6131559610366821,0.7026739120483398,0.6030161380767822,0.6498638391494751,0.5983973741531372,0.6173531413078308,0.5951419472694397,0.5903054475784302,0.6348260045051575,0.6985340714454651,0.6376082897186279,0.6400529742240906,0.6400834918022156,0.6027215719223022,0.6438791751861572,0.5745625495910645,0.6548264026641846,0.7072260975837708,0.660677969455719,0.6640262007713318,0.6502806544303894,0.6745480895042419,0.6428542733192444,0.6926859617233276,0.6721032857894897,0.7232174277305603,0.6747615337371826,0.6961629390716553,0.6635146141052246,0.7001480460166931,0.6533262729644775,0.7136263847351074
peace,0.1986556500196457,0.8041651248931885,0.23186351358890533,0.7663822174072266,0.2372168004512787,0.7041388750076294,0.21859772503376007,0.6622650623321533,0.19125914573669434,0.6552965641021729,0.2245018184185028,0.6685794591903687,0.2320713847875595,0.603882372379303,0.23646309971809387,0.564886212348938,0.23850683867931366,0.5334980487823486,0.1992233544588089,0.6684961318969727,0.19443939626216888,0.5996440052986145,0.19475919008255005,0.5559654235839844,0.19295410811901093,0.5217037200927734,0.17599749565124512,0.6813341379165649,0.17640618979930878,0.6438286304473877,0.19399777054786682,0.667655885219574,0.2029767483472824,0.6938256621360779,0.15474344789981842,0.7025444507598877,0.15990832448005676,0.6686952114105225,0.17786546051502228,0.6818520426750183,0.18940195441246033,0.7044105529785156
peace,0.19805856049060822,0.7986570000648499,0.2246619313955307,0.7584453225135803,0.23878948390483856,0.7087559700012207,0.2440895140171051,0.6709671020507812,0.23144829273223877,0.6582643985748291,0.20239761471748352,0.6659762859344482,0.21373271942138672,0.6088107824325562,0.22364075481891632,0.57425856590271,0.23170073330402374,0.5473933815956116,0.1840856373310089,0.6674030423164368,0.1841564178466797,0.5964177846908569,0.1926497220993042,0.5527046322822571,0.199954554438591,0.5203514695167542,0.16952292621135712,0.6779834032058716,0.19702062010765076,0.6304123401641846,0.21260985732078552,0.6586903929710388,0.21699683368206024,0.687142550945282,0.1626027375459671,0.694481372833252,0.1924203336238861,0.6579664945602417,0.21180720627307892,0.6751071214675903,0.22163434326648712,0.6986643671989441
peace,0.167998805642128,0.7787150144577026,0.2032424509525299,0.7396571636199951,0.21165762841701508,0.6788752675056458,0.18829241394996643,0.6381048560142517,0.16120578348636627,0.6358724236488342,0.20275771617889404,0.648202121257782,0.21265731751918793,0.5861109495162964,0.2181125432252884,0.5477479100227356,0.2213345170021057,0.5167263746261597,0.17611894011497498,0.6470457315444946,0.17575298249721527,0.578830361366272,0.17584367096424103,0.536122739315033,0.17329293489456177,0.5029542446136475,0.1516890823841095,0.6580706238746643,0.1504751443862915,0.6176831126213074,0.16466885805130005,0.6482586860656738,0.1715499609708786,0.6783319711685181,0.1282331645488739,0.6775070428848267,0.1310843527317047,0.6431236267089844,0.14698278903961182,0.6617194414138794,0.15669606626033783,0.6873111724853516
peace,0.16442164778709412,0.7866747379302979,0.1956583559513092,0.7514513731002808,0.2020638883113861,0.6995798349380493,0.18344803154468536,0.6611261963844299,0.15833789110183716,0.6405839920043945,0.20243729650974274,0.6335572600364685,0.2177308350801468,0.5797296762466431,0.22540828585624695,0.5457918047904968,0.22870123386383057,0.5177276134490967,0.1728202998638153,0.6324091553688049,0.1564837545156479,0.5708820223808289,0.14337415993213654,0.5373904705047607,0.1306179016828537,0.5095947980880737,0.14788077771663666,0.6481306552886963,0.14484724402427673,0.6130190491676331,0.15850615501403809,0.6458723545074463,0.16584618389606476,0.6720456480979919,0.1269453763961792,0.6728672385215759,0.12496544420719147,0.644957959651947,0.1386447697877884,0.6635494232177734,0.15017469227313995,0.6842758059501648
peace,0.6419638395309448,0.8178294897079468,0.6089711785316467,0.7754961252212524,0.5984734892845154,0.720095157623291,0.6217787861824036,0.6768134832382202,0.6478226780891418,0.6516836285591125,0.6045311689376831,0.6738395094871521,0.5894500613212585,0.6067838668823242,0.5823172926902771,0.5656186938285828,0.5792526006698608,0.5318616628646851,0.6342066526412964,0.669167160987854,0.6452529430389404,0.5921828746795654,0.6545600891113281,0.5469507575035095,0.6669718623161316,0.5129995942115784,0.6596952080726624,0.6828575730323792,0.6692361235618591,0.6331954598426819,0.6547563672065735,0.6635324358940125,0.6472817063331604,0.6923635601997375,0.682511568069458,0.7070560455322266,0.6912429928779602,0.673334002494812,0.6795798540115356,0.6897581815719604,0.6725442409515381,0.709094226360321
peace,0.6438814997673035,0.7857406139373779,0.6126208305358887,0.7430256009101868,0.6045618057250977,0.6873437762260437,0.6256284117698669,0.6423474550247192,0.648754358291626,0.622179388999939,0.6058754920959473,0.6498823165893555,0.5953956246376038,0.5903551578521729,0.5902791619300842,0.5539951324462891,0.5880254507064819,0.5234327912330627,0.6315442323684692,0.6457993984222412,0.6283621788024902,0.5799599885940552,0.6274124383926392,0.5386981964111328,0.6309472322463989,0.5060405135154724,0.6556403040885925,0.6554532647132874,0.6629016995429993,0.6165875196456909,0.6520812511444092,0.6441380977630615,0.6450226306915283,0.6710726022720337,0.6768537759780884,0.6730858683586121,0.6834598779678345,0.6447527408599854,0.6740269064903259,0.6598208546638489,0.6663631200790405,0.6791176199913025
peace,0.46340101957321167,0.8152920007705688,0.4209124445915222,0.7991673946380615,0.39362698793411255,0.7587071061134338,0.39460182189941406,0.7101659774780273,0.4126147925853729,0.670153021812439,0.3953961431980133,0.6841161847114563,0.3694750964641571,0.6222768425941467,0.3581317663192749,0.5810527801513672,0.3502488434314728,0.5440651178359985,0.42386019229888916,0.6694305539131165,0.4220595955848694,0.5881277322769165,0.4235152304172516,0.5410944223403931,0.4246775507926941,0.5014912486076355,0.452334463596344,0.6751514077186584,0.4382628798484802,0.6296743750572205,0.43111321330070496,0.6796568036079407,0.42990389466285706,0.717374861240387,0.4812127351760864,0.6930774450302124,0.4669221043586731,0.6681548357009888,0.45704352855682373,0.7020086646080017,0.4533160924911499,0.7304266095161438
peace,0.6548605561256409,0.8447666168212891,0.6197220087051392,0.8051472306251526,0.6037221550941467,0.7592377662658691,0.6061605215072632,0.7158032059669495,0.6251406669616699,0.6862913370132446,0.621266782283783,0.7105994820594788,0.6078046560287476,0.6509442329406738,0.6023086905479431,0.6166598796844482,0.5996678471565247,0.5857461094856262,0.6433656215667725,0.707900881767273,0.6503187417984009,0.6367811560630798,0.6540324091911316,0.5962359309196472,0.6589792370796204,0.5627485513687134,0.6633509397506714,0.719231367111206,0.6559600234031677,0.6702858805656433,0.6393060088157654,0.7040274739265442,0.6322892904281616,0.7361458539962769,0.6814895868301392,0.7387150526046753,0.6711946129798889,0.7045514583587646,0.6551874279975891,0.7226750254631042,0.6466490030288696,0.7451220154762268
peace,0.7638994455337524,0.8659055829048157,0.7535632252693176,0.8151110410690308,0.7579011917114258,0.7669227719306946,0.7806752920150757,0.73307204246521,0.7981945872306824,0.7084916234016418,0.7342097163200378,0.7248847484588623,0.731831431388855,0.6691440343856812,0.7297901511192322,0.6330560445785522,0.7296040058135986,0.6042061448097229,0.7558227777481079,0.7278484106063843,0.7570779919624329,0.6721935868263245,0.7624043226242065,0.6352006793022156,0.769951581954956,0.606553852558136,0.7747707366943359,0.7437373399734497,0.792937695980072,0.7146710157394409,0.7963724136352539,0.7329375147819519,0.7964703440666199,0.7490208745002747,0.7890558242797852,0.7633764147758484,0.8027762770652771,0.7404160499572754,0.8039610385894775,0.7495383620262146,0.8014962077140808,0.7611836194992065
peace,0.6738801002502441,0.8145328760147095,0.642972469329834,0.7787701487541199,0.63075190782547,0.7315595149993896,0.6415970325469971,0.6861985921859741,0.6578813195228577,0.6574674844741821,0.63569575548172,0.693456768989563,0.6203329563140869,0.6401941776275635,0.6126958131790161,0.6066056489944458,0.6074577569961548,0.5785130858421326,0.6581571102142334,0.6873061060905457,0.6585034728050232,0.6273910403251648,0.6567593216896057,0.5912421941757202,0.6570429801940918,0.5634117126464844,0.679676353931427,0.6934599280357361,0.6822718381881714,0.6458191871643066,0.6699607372283936,0.6712495684623718,0.6627330183982849,0.7000612020492554,0.7001148462295532,0.7069649696350098,0.6992553472518921,0.6773288249969482,0.6864961385726929,0.6903784275054932,0.6771727204322815,0.710792601108551
peace,0.6767020225524902,0.8294363021850586,0.6515375971794128,0.79288250207901,0.6440612077713013,0.7475816607475281,0.6604878306388855,0.7108364105224609,0.681510865688324,0.6961590647697449,0.6411008834838867,0.7054601907730103,0.6307944059371948,0.656995415687561,0.6272618174552917,0.6293823719024658,0.6252919435501099,0.6049116253852844,0.6645423769950867,0.7028622031211853,0.6695708632469177,0.6492241024971008,0.6750407218933105,0.6169558763504028,0.6802616715431213,0.5907096862792969,0.6848172545433044,0.7139380574226379,0.690313994884491,0.6752957701683044,0.6855014562606812,0.6905277967453003,0.6818203926086426,0.7114953994750977,0.703489363193512,0.7323366403579712,0.7120192646980286,0.7040010690689087,0.7047585844993591,0.7034707069396973,0.6957402229309082,0.7126018404960632
peace,0.6710880994796753,0.8280329704284668,0.6434273719787598,0.7946690917015076,0.6300238370895386,0.7509768009185791,0.6314589381217957,0.7113828659057617,0.6527870893478394,0.6954678297042847,0.647746741771698,0.7137437462806702,0.6388514041900635,0.662969708442688,0.6351500153541565,0.6358296275138855,0.6337512731552124,0.6116811037063599,0.6662058234214783,0.7118626236915588,0.6720397472381592,0.6524415016174316,0.6722606420516968,0.6190996170043945,0.6733824610710144,0.5925541520118713,0.6821983456611633,0.7211315631866455,0.677427351474762,0.6728155016899109,0.6614059805870056,0.6991763710975647,0.6536219716072083,0.7267196774482727,0.6958481669425964,0.736624538898468,0.6866676807403564,0.7042455673217773,0.6695297956466675,0.7108692526817322,0.6576043367385864,0.7249405384063721
peace,0.7224107980728149,0.8466665744781494,0.7106807231903076,0.8022363185882568,0.7170034050941467,0.7573485970497131,0.7380374073982239,0.7296384572982788,0.7455005645751953,0.7087888121604919,0.6985231041908264,0.7181136012077332,0.6985332369804382,0.669950008392334,0.698432981967926,0.6409400701522827,0.6990256905555725,0.617457926273346,0.7183811664581299,0.7232092618942261,0.718201756477356,0.6744164824485779,0.7223430275917053,0.6473941802978516,0.7264734506607056,0.623988687992096,0.7345930337905884,0.738796055316925,0.7438250780105591,0.7123531699180603,0.7443823218345642,0.7322176098823547,0.739924430847168,0.7462409734725952,0.7487558722496033,0.7574744820594788,0.7586429119110107,0.7282955646514893,0.7632017731666565,0.7329944372177124,0.7616382837295532,0.7408515810966492
peace,0.11280348896980286,0.844402015209198,0.13676640391349792,0.8024002909660339,0.15097233653068542,0.7486279606819153,0.15425118803977966,0.7038909792900085,0.13629662990570068,0.6840822696685791,0.11751404404640198,0.7026012539863586,0.1237541064620018,0.6354994177818298,0.12920483946800232,0.5977603793144226,0.1315671056509018,0.5633025765419006,0.09630244970321655,0.7055646777153015,0.09434496611356735,0.6304759383201599,0.098175548017025,0.5860018134117126,0.0990591049194336,0.5492337942123413,0.07755039632320404,0.7194889187812805,0.10697633773088455,0.6769210696220398,0.12655790150165558,0.7120143175125122,0.13165342807769775,0.7425076365470886,0.06390133500099182,0.7408888339996338,0.08971044421195984,0.7022964954376221,0.11349953711032867,0.7194724678993225,0.12621331214904785,0.743322491645813
peace,0.04437654837965965,0.8629782795906067,0.0849853903055191,0.8037278652191162,0.09296013414859772,0.7317241430282593,0.07050739973783493,0.68231201171875,0.03922354802489281,0.6765003204345703,0.0917108803987503,0.7133522629737854,0.10352715849876404,0.6480456590652466,0.10731874406337738,0.6084080934524536,0.10922969877719879,0.5727924704551697,0.06416518241167068,0.7103989124298096,0.06810012459754944,0.642017662525177,0.07131259888410568,0.5981894135475159,0.07179399579763412,0.5628753900527954,0.035165753215551376,0.7224031090736389,0.03455754369497299,0.6763706803321838,0.05041106417775154,0.7068861126899719,0.057857345789670944,0.7360146641731262,0.004747338593006134,0.7418841123580933,0.006208416074514389,0.6971338987350464,0.02382119745016098,0.715103268623352,0.03484807536005974,0.7430515289306641
peace,0.21456073224544525,0.8882173299789429,0.2690293490886688,0.8445805907249451,0.30143651366233826,0.7660660147666931,0.2840384840965271,0.6980432271957397,0.24458059668540955,0.650535523891449,0.28905388712882996,0.6386362910270691,0.3105333149433136,0.5459634065628052,0.3198869824409485,0.4869007468223572,0.32511234283447266,0.43150606751441956,0.24353265762329102,0.6319541335105896,0.23652306199073792,0.5176578164100647,0.22887519001960754,0.44759219884872437,0.2190403938293457,0.3879774212837219,0.19993062317371368,0.655872106552124,0.21009230613708496,0.601362407207489,0.23612576723098755,0.677052915096283,0.24710127711296082,0.7322170734405518,0.15964320302009583,0.6970905661582947,0.16645656526088715,0.63885098695755,0.1946171224117279,0.6842623353004456,0.2122471034526825,0.7292652726173401
peace,0.33639800548553467,0.9386224746704102,0.3922800123691559,0.9049820899963379,0.4338994324207306,0.8391266465187073,0.44351765513420105,0.7712958455085754,0.4114071726799011,0.7274419069290161,0.41963496804237366,0.7327646017074585,0.4583134651184082,0.6496278047561646,0.4790234863758087,0.5992854833602905,0.4943274259567261,0.5515145659446716,0.38655251264572144,0.716651976108551,0.4016953110694885,0.6062469482421875,0.4131510853767395,0.5423065423965454,0.4182809889316559,0.488742858171463,0.35220301151275635,0.7261343598365784,0.3799014985561371,0.668999433517456,0.39568471908569336,0.7382764220237732,0.39505958557128906,0.7896630764007568,0.32049375772476196,0.7514356970787048,0.3454376757144928,0.6940731406211853,0.3673083484172821,0.7373590469360352,0.37424811720848083,0.7849739193916321
peace,0.3140977621078491,0.9475588798522949,0.38405779004096985,0.8990055322647095,0.43317711353302,0.8063130378723145,0.43451404571533203,0.7159430384635925,0.3925310969352722,0.6534838676452637,0.4120182394981384,0.6573644876480103,0.45048025250434875,0.5416604280471802,0.4683927893638611,0.46927526593208313,0.479004442691803,0.4044758975505829,0.3665705621242523,0.642411470413208,0.3777145743370056,0.4970022737979889,0.3861592411994934,0.4109429121017456,0.3867262005805969,0.33901873230934143,0.3200962543487549,0.6587526202201843,0.345023512840271,0.5843367576599121,0.3701045513153076,0.6754372715950012,0.37434718012809753,0.7423940300941467,0.27536723017692566,0.6942414045333862,0.2998444437980652,0.6193784475326538,0.33082345128059387,0.6763803958892822,0.34304875135421753,0.7366045117378235
peace,0.5785307884216309,0.7371906042098999,0.5326439738273621,0.6892366409301758,0.5138517618179321,0.613828718662262,0.5384244918823242,0.5520654916763306,0.5749500393867493,0.5232133269309998,0.5290103554725647,0.5371949076652527,0.512328028678894,0.4665302634239197,0.5044264197349548,0.4243828058242798,0.49790114164352417,0.38574886322021484,0.5673702359199524,0.5321264863014221,0.5798453092575073,0.44172197580337524,0.585594654083252,0.3899279236793518,0.5920486450195312,0.3448536992073059,0.5992797613143921,0.5518480539321899,0.6098421812057495,0.483293354511261,0.5908105373382568,0.5388729572296143,0.5791571140289307,0.586898148059845,0.6283344030380249,0.5876481533050537,0.6328737139701843,0.5458840727806091,0.6135385036468506,0.5745720267295837,0.5978267788887024,0.607524573802948
peace,0.7394433617591858,0.6418577432632446,0.7257745265960693,0.6074569821357727,0.7254598140716553,0.571952760219574,0.7438784837722778,0.5473918318748474,0.7604517936706543,0.5390681624412537,0.7211607694625854,0.5426834225654602,0.7161077260971069,0.506287157535553,0.7139805555343628,0.48426562547683716,0.7127261757850647,0.4655136466026306,0.7397164702415466,0.5457865595817566,0.746654748916626,0.5081135034561157,0.7539277076721191,0.4844222664833069,0.7604230046272278,0.46595442295074463,0.7546377182006836,0.5591108202934265,0.7628299593925476,0.5353453755378723,0.762495756149292,0.5417600870132446,0.7610114216804504,0.5539770126342773,0.7667093276977539,0.5761765837669373,0.7759386301040649,0.5580003261566162,0.7759237289428711,0.5568101406097412,0.7738333940505981,0.5620816349983215
peace,0.7591301202774048,0.627878725528717,0.7360599637031555,0.6130428314208984,0.720413327217102,0.5861866474151611,0.7278924584388733,0.5480771064758301,0.7383745312690735,0.5201413035392761,0.6986153721809387,0.5406244993209839,0.6737043261528015,0.507376492023468,0.6596351265907288,0.48600003123283386,0.647502601146698,0.4665776491165161,0.7168139219284058,0.5237859487533569,0.7062797546386719,0.4738062024116516,0.704297661781311,0.44174420833587646,0.7020257711410522,0.414689302444458,0.7361438274383545,0.5237299203872681,0.7335049510002136,0.49548548460006714,0.7406186461448669,0.518406093120575,0.7451709508895874,0.5398277044296265,0.7568762302398682,0.5329555869102478,0.7576003074645996,0.503825306892395,0.7595768570899963,0.5162897109985352,0.7601678371429443,0.5345333218574524
peace,0.6329694390296936,0.7177549600601196,0.5878276824951172,0.7233883142471313,0.544636070728302,0.7090293765068054,0.5325136780738831,0.6636418104171753,0.536557137966156,0.6168789267539978,0.502339243888855,0.6296113133430481,0.45137327909469604,0.5982387661933899,0.42149779200553894,0.5750551819801331,0.3965030908584595,0.5510730743408203,0.5276036858558655,0.5942696332931519,0.48923197388648987,0.5242537260055542,0.46906715631484985,0.48037034273147583,0.4531930088996887,0.43957769870758057,0.5620865225791931,0.5819240808486938,0.5415352582931519,0.5463033318519592,0.5497377514839172,0.5961620807647705,0.5593224763870239,0.632863461971283,0.6005348563194275,0.5845860838890076,0.5851450562477112,0.564291775226593,0.5814099311828613,0.6001752614974976,0.5814145803451538,0.6325424909591675
peace,-0.03513066843152046,0.8503849506378174,0.02340850792825222,0.8413817882537842,0.07359331101179123,0.7820894718170166,0.07626326382160187,0.7043704986572266,0.05711635574698448,0.638253390789032,0.1033996194601059,0.6773847341537476,0.16533510386943817,0.6107175350189209,0.19725236296653748,0.5667470097541809,0.2241898775100708,0.5262091159820557,0.06794473528862,0.6419075131416321,0.11518911272287369,0.5503948926925659,0.14575925469398499,0.49238085746765137,0.16884037852287292,0.44356751441955566,0.02480163238942623,0.6330006122589111,0.05445481836795807,0.5672155022621155,0.04658275470137596,0.6288873553276062,0.03262537717819214,0.6817827224731445,-0.01960863545536995,0.6455945372581482,0.0012558810412883759,0.6190248131752014,0.007678773254156113,0.6634296178817749,0.005966596305370331,0.7036125659942627
peace,0.7021595239639282,0.8189967274665833,0.6337971091270447,0.8478180766105652,0.5743309259414673,0.8379449844360352,0.5900399684906006,0.7919214963912964,0.6263211369514465,0.7309569120407104,0.5164720416069031,0.6939986944198608,0.4412297010421753,0.61009281873703,0.3926467299461365,0.5545474290847778,0.35229766368865967,0.501375675201416,0.5605408549308777,0.6401499509811401,0.5248932838439941,0.5250756144523621,0.5020300149917603,0.44174569845199585,0.47834181785583496,0.35973480343818665,0.6124733090400696,0.6276779770851135,0.6330865025520325,0.6483297944068909,0.6450753808021545,0.7443177103996277,0.6451638340950012,0.7996886372566223,0.6621007323265076,0.6433907747268677,0.684340238571167,0.7036572098731995,0.6861868500709534,0.7803120017051697,0.6781021356582642,0.8257673978805542
peace,0.7280723452568054,0.83753901720047,0.6560032367706299,0.847059428691864,0.5886954069137573,0.8212523460388184,0.5789280533790588,0.7758270502090454,0.6131451725959778,0.7243369817733765,0.5541182160377502,0.6821176409721375,0.49841177463531494,0.5928137302398682,0.46406495571136475,0.5368380546569824,0.4388500452041626,0.48276954889297485,0.5974121689796448,0.6351485848426819,0.5591910481452942,0.5354241132736206,0.5367830991744995,0.4580662250518799,0.5199152231216431,0.3865818381309509,0.648383617401123,0.6214714646339417,0.6373574137687683,0.6906140446662903,0.6420668959617615,0.7841238975524902,0.649233877658844,0.8391016125679016,0.6933392286300659,0.6370643377304077,0.6833489537239075,0.7359791398048401,0.6817834377288818,0.8056062459945679,0.6834438443183899,0.8449218273162842
peace,0.6092148423194885,0.8325755596160889,0.6324187517166138,0.7931061387062073,0.6387564539909363,0.7410579919815063,0.6204125285148621,0.7115757465362549,0.5949912667274475,0.710100531578064,0.6109802722930908,0.686791718006134,0.6156070232391357,0.6329047679901123,0.6158441305160522,0.6001577377319336,0.6143648624420166,0.5706613659858704,0.5862355828285217,0.6947968602180481,0.5800644159317017,0.6387737989425659,0.5772080421447754,0.6032301783561707,0.573387861251831,0.574081540107727,0.565510630607605,0.7164314985275269,0.568488597869873,0.689081072807312,0.589259684085846,0.721550703048706,0.6016420722007751,0.7497192621231079,0.5512322783470154,0.7474667429924011,0.5662386417388916,0.735808789730072,0.5887240171432495,0.7571883201599121,0.6023111939430237,0.7783457636833191
peace,0.6154237389564514,0.8725625276565552,0.6370723843574524,0.8321071863174438,0.6415923237800598,0.7821434736251831,0.6211994290351868,0.7607588171958923,0.592441201210022,0.7577334046363831,0.6094451546669006,0.7114365696907043,0.6090949773788452,0.6524170637130737,0.6083412766456604,0.6157122254371643,0.6049128770828247,0.5828557014465332,0.5795047283172607,0.7208002209663391,0.5664835572242737,0.6628305912017822,0.5576671361923218,0.6258383989334106,0.5486583113670349,0.5969328880310059,0.557479202747345,0.7455945611000061,0.5596418380737305,0.7241222858428955,0.5821442604064941,0.7578454613685608,0.5972515344619751,0.7862247824668884,0.5449792146682739,0.7800951600074768,0.5680394172668457,0.7877830266952515,0.5954257249832153,0.8116685152053833,0.6143601536750793,0.8291255831718445
peace,0.5804912447929382,0.9152837991714478,0.6001062989234924,0.8710925579071045,0.599972128868103,0.819823682308197,0.57521653175354,0.8028640151023865,0.5445766448974609,0.802115797996521,0.5650286674499512,0.7537433505058289,0.5626126527786255,0.6915595531463623,0.5610986948013306,0.6535252332687378,0.5565149188041687,0.6204243302345276,0.5364512205123901,0.7730030417442322,0.506660521030426,0.71828693151474,0.4836564362049103,0.6867482662200928,0.4613535404205322,0.6628065705299377,0.5184949040412903,0.8055662512779236,0.49722549319267273,0.7757650017738342,0.5218421816825867,0.7970266342163086,0.5413870215415955,0.8187968134880066,0.5099623203277588,0.845199465751648,0.5212500095367432,0.8403579592704773,0.5533425211906433,0.8602997064590454,0.5780666470527649,0.8778610825538635
peace,0.5790502429008484,0.9179825782775879,0.603290319442749,0.8715094923973083,0.6013940572738647,0.8175973296165466,0.5738230347633362,0.8034411668777466,0.5429645776748657,0.8036425709724426,0.5603482127189636,0.7497543096542358,0.5398106575012207,0.6950572729110718,0.5253098607063293,0.6625277400016785,0.5108962655067444,0.6337689757347107,0.5356854200363159,0.7708033323287964,0.5091766119003296,0.7201082706451416,0.48887136578559875,0.6907109618186951,0.46985769271850586,0.667938232421875,0.5195890665054321,0.8027662634849548,0.5003471374511719,0.7708438038825989,0.5271093249320984,0.8005248308181763,0.5478530526161194,0.8265052437782288,0.5111181139945984,0.842808187007904,0.5160935521125793,0.834875226020813,0.5461193323135376,0.8550674319267273,0.5701894760131836,0.8724966645240784
peace,0.6141103506088257,0.8991435766220093,0.6346201300621033,0.8544566631317139,0.6340662240982056,0.8034306764602661,0.6103107333183289,0.7904640436172485,0.5802668333053589,0.7946373820304871,0.588893711566925,0.7356850504875183,0.5663803219795227,0.6804594993591309,0.5514821410179138,0.6478109359741211,0.536237359046936,0.6194819808006287,0.5639671683311462,0.757700502872467,0.5338645577430725,0.710214376449585,0.5128055214881897,0.681195855140686,0.49338239431381226,0.658939003944397,0.548793613910675,0.7902645468711853,0.5356021523475647,0.7664862871170044,0.5637683272361755,0.7902588248252869,0.5846468806266785,0.812504768371582,0.5426889061927795,0.8289427757263184,0.5556616187095642,0.8274193406105042,0.5862901210784912,0.8440385460853577,0.6093159914016724,0.8587996363639832
peace,0.6658669710159302,0.7508344650268555,0.6189975738525391,0.6961295008659363,0.5818556547164917,0.6473528742790222,0.5687277317047119,0.6153812408447266,0.5960269570350647,0.6189932823181152,0.6093865633010864,0.5458935499191284,0.6116811037063599,0.45490968227386475,0.6099358797073364,0.39830976724624634,0.6091117262840271,0.3521037995815277,0.6467543244361877,0.5593244433403015,0.6516591906547546,0.4864734411239624,0.6541253328323364,0.43463122844696045,0.6539680361747742,0.3910156488418579,0.6767122149467468,0.5933400988578796,0.6320292949676514,0.6243041157722473,0.602955162525177,0.6677954792976379,0.5856923460960388,0.7001394033432007,0.6904926300048828,0.638717770576477,0.6346197724342346,0.6830962300300598,0.6019471883773804,0.7139118313789368,0.5810918211936951,0.7368815541267395
peace,0.6745060682296753,0.7458537220954895,0.6339619159698486,0.7017055153846741,0.6148489117622375,0.6460269689559937,0.6444490551948547,0.6188575625419617,0.6841391324996948,0.6028247475624084,0.6401408910751343,0.5388547778129578,0.6421813368797302,0.4473060369491577,0.6465993523597717,0.3899315893650055,0.6535264253616333,0.34070485830307007,0.6796460151672363,0.5446608066558838,0.695712685585022,0.47486448287963867,0.7130379676818848,0.4167196452617645,0.7307872772216797,0.36843395233154297,0.711309552192688,0.5722426772117615,0.7054861783981323,0.6127613186836243,0.6779699921607971,0.6680470705032349,0.6604840755462646,0.7073163986206055,0.7328062653541565,0.6123766899108887,0.7204482555389404,0.6591949462890625,0.6942905783653259,0.6982716917991638,0.6749582290649414,0.7255375385284424
peace,0.7897003889083862,0.6871270537376404,0.7425448298454285,0.659595787525177,0.7086941003799438,0.6008572578430176,0.7114063501358032,0.533316969871521,0.7228278517723083,0.48899516463279724,0.6644527316093445,0.5424612760543823,0.6285512447357178,0.4810027778148651,0.6109471917152405,0.44044214487075806,0.5976338386535645,0.40620118379592896,0.694713294506073,0.5223571062088013,0.664074718952179,0.4415524899959564,0.6487997174263,0.3900526463985443,0.6393745541572571,0.348732590675354,0.7313332557678223,0.5223500728607178,0.734464168548584,0.49292969703674316,0.7462482452392578,0.5391796231269836,0.7549505233764648,0.5713990926742554,0.7658572793006897,0.5349713563919067,0.7647111415863037,0.5087262988090515,0.7710298299789429,0.5475236773490906,0.7773581743240356,0.5771851539611816
peace,0.7980684041976929,0.6652414798736572,0.7508952021598816,0.6327871084213257,0.7204996943473816,0.573954164981842,0.7283868789672852,0.5046855807304382,0.7388870716094971,0.45275038480758667,0.6716540455818176,0.5210916996002197,0.626433253288269,0.4667493999004364,0.5992395877838135,0.43139538168907166,0.5776842832565308,0.40266770124435425,0.70221346616745,0.500154435634613,0.6646129488945007,0.4329880475997925,0.6459720730781555,0.3908541202545166,0.6345131397247314,0.35757556557655334,0.7390720844268799,0.49946463108062744,0.7408785223960876,0.4650353193283081,0.7547474503517151,0.5094067454338074,0.7618926763534546,0.5389584898948669,0.7732421159744263,0.5106567740440369,0.7705584764480591,0.47675567865371704,0.776624858379364,0.5159338712692261,0.7803273797035217,0.5458962917327881
peace,0.8026173114776611,0.6602092981338501,0.7598201036453247,0.6320309042930603,0.732300877571106,0.5743851661682129,0.7405747175216675,0.5067590475082397,0.7542431950569153,0.4570823907852173,0.6856784820556641,0.5124829411506653,0.6489229798316956,0.4535669684410095,0.6324267983436584,0.41441434621810913,0.6213402152061462,0.380875825881958,0.7134862542152405,0.4921739995479584,0.6767179369926453,0.4216645658016205,0.6593441367149353,0.3780686855316162,0.6484243273735046,0.3440903127193451,0.7478155493736267,0.49025505781173706,0.7535480260848999,0.4621230959892273,0.7676005959510803,0.5065364241600037,0.7751386165618896,0.538495659828186,0.7803978323936462,0.5007924437522888,0.7829658389091492,0.4760097563266754,0.7920442223548889,0.5184858441352844,0.7981175184249878,0.5514898300170898
peace,0.7888465523719788,0.6431304216384888,0.7468437552452087,0.6000837087631226,0.7284601330757141,0.5367050170898438,0.7455585598945618,0.46370187401771545,0.7626475095748901,0.4126511812210083,0.6799936890602112,0.48139768838882446,0.6451140642166138,0.4242613911628723,0.6236952543258667,0.38586151599884033,0.6063100099563599,0.3540182113647461,0.7154918313026428,0.4687686860561371,0.6937561631202698,0.39165472984313965,0.6828317046165466,0.34359192848205566,0.6743588447570801,0.3074556589126587,0.7534626722335815,0.4763910472393036,0.7591037154197693,0.4468948245048523,0.7655191421508789,0.5002327561378479,0.7680284380912781,0.5383279919624329,0.783948540687561,0.4986896514892578,0.7829216122627258,0.47120004892349243,0.7870458960533142,0.5215882658958435,0.7902913689613342,0.558513879776001
yes,0.1339438259601593,0.8367895483970642,0.14723403751850128,0.7354438304901123,0.13366520404815674,0.6267241835594177,0.12022487819194794,0.5419854521751404,0.1148238331079483,0.4803948998451233,0.03875384107232094,0.6383803486824036,0.028317119926214218,0.5994362235069275,0.06959813833236694,0.6398051977157593,0.10498549044132233,0.682447075843811,0.006901521235704422,0.6898497939109802,-0.007554531097412109,0.6490441560745239,0.050441768020391464,0.6890547275543213,0.0933048278093338,0.7272695302963257,-0.014492832124233246,0.742118775844574,-0.024382546544075012,0.705624520778656,0.03189542144536972,0.7302099466323853,0.07145629823207855,0.7577821016311646,-0.028095975518226624,0.7957755923271179,-0.03941752016544342,0.7546827793121338,0.0022059306502342224,0.7652941942214966,0.03268186375498772,0.7828532457351685
yes,0.1323920637369156,0.6555035710334778,0.15650251507759094,0.5679816603660583,0.19995969533920288,0.4861331880092621,0.2231259047985077,0.41944652795791626,0.22588080167770386,0.36063140630722046,0.25915586948394775,0.5004313588142395,0.31061482429504395,0.5367863178253174,0.29566630721092224,0.5596727728843689,0.27075713872909546,0.5610395669937134,0.26622459292411804,0.5517351627349854,0.3171897530555725,0.584340512752533,0.29798832535743713,0.603148877620697,0.27062085270881653,0.5990187525749207,0.266561895608902,0.6102104187011719,0.3174282908439636,0.6285972595214844,0.29616016149520874,0.6432271599769592,0.26796770095825195,0.6399950981140137,0.26067572832107544,0.6677189469337463,0.3055662512779236,0.6700727939605713,0.2845292389392853,0.6783279180526733,0.25912559032440186,0.6768182516098022
yes,0.16482248902320862,0.6949524879455566,0.20154446363449097,0.6021226644515991,0.19498291611671448,0.4952639043331146,0.18393325805664062,0.4172905683517456,0.17676055431365967,0.34541863203048706,0.11019052565097809,0.49693581461906433,0.19121971726417542,0.5431035757064819,0.21493203938007355,0.5782396197319031,0.20901700854301453,0.5910133123397827,0.06934769451618195,0.5560431480407715,0.17366144061088562,0.611534833908081,0.19643189013004303,0.6312069892883301,0.19372746348381042,0.6384426355361938,0.04689566045999527,0.6203402280807495,0.13699859380722046,0.6645762920379639,0.16625100374221802,0.677977979183197,0.17116373777389526,0.6814256906509399,0.034422799944877625,0.6866588592529297,0.09399843215942383,0.7041349411010742,0.12587350606918335,0.7106798887252808,0.13714702427387238,0.7158881425857544
yes,0.23548467457294464,0.7163555026054382,0.2569422125816345,0.6258922815322876,0.24625611305236816,0.515263020992279,0.2369326800107956,0.432076096534729,0.24507209658622742,0.3762109875679016,0.15283478796482086,0.512491762638092,0.1469103842973709,0.5244572162628174,0.19591502845287323,0.5777674913406372,0.2257406860589981,0.60029137134552,0.11329524964094162,0.5619462132453918,0.11281973868608475,0.5829274654388428,0.1741388738155365,0.6309806704521179,0.21008647978305817,0.6454222798347473,0.0887531116604805,0.6161648631095886,0.08519121259450912,0.6340794563293457,0.14612697064876556,0.6653544902801514,0.18390044569969177,0.6688299179077148,0.07257644087076187,0.6694622039794922,0.06202324479818344,0.6780128479003906,0.10519017279148102,0.696229100227356,0.136338472366333,0.6955313086509705
yes,0.3279995322227478,0.5191735029220581,0.34171682596206665,0.4433997571468353,0.37130892276763916,0.38101109862327576,0.39024701714515686,0.32472124695777893,0.3975526988506317,0.2721242308616638,0.44942283630371094,0.39751583337783813,0.4563351571559906,0.4471781849861145,0.4337350130081177,0.4610106945037842,0.4143526554107666,0.4564661383628845,0.4622552692890167,0.43837770819664,0.4652768671512604,0.49342137575149536,0.44062867760658264,0.5005764961242676,0.42032957077026367,0.49020153284072876,0.4643770754337311,0.4860067665576935,0.46732351183891296,0.5312744379043579,0.4420108199119568,0.5362375974655151,0.4218367040157318,0.5237222909927368,0.45843440294265747,0.5331071615219116,0.4676941931247711,0.5686386227607727,0.4457054138183594,0.57334303855896,0.426266074180603,0.5630599856376648
yes,0.2917962670326233,0.7141701579093933,0.3163708746433258,0.580849289894104,0.3684457540512085,0.46902352571487427,0.39958247542381287,0.3680287003517151,0.4096224904060364,0.2735779285430908,0.5059425234794617,0.5287812352180481,0.5186309814453125,0.5952072143554688,0.4833291172981262,0.6143996715545654,0.45214882493019104,0.6083170175552368,0.5201170444488525,0.607690155506134,0.5294350385665894,0.6735569834709167,0.49344000220298767,0.6779452562332153,0.4593408405780792,0.6635019779205322,0.5132288932800293,0.6897513270378113,0.5196618437767029,0.7379670739173889,0.4858474135398865,0.7404374480247498,0.4533160328865051,0.7241895198822021,0.49506884813308716,0.7655988335609436,0.5032165050506592,0.8014799356460571,0.4711812734603882,0.7989398241043091,0.4421722888946533,0.7798303365707397
yes,0.1928497552871704,0.8321653604507446,0.21963803470134735,0.7740588784217834,0.22586315870285034,0.7055373787879944,0.22784540057182312,0.6517894268035889,0.2323424220085144,0.6038535833358765,0.1673448532819748,0.7048022150993347,0.22463788092136383,0.7384934425354004,0.2319939136505127,0.7643261551856995,0.2171228528022766,0.7678520679473877,0.1408747434616089,0.744773268699646,0.21422451734542847,0.7824311256408691,0.21970292925834656,0.7924970388412476,0.20681826770305634,0.7915975451469421,0.12757501006126404,0.7870891094207764,0.1914803683757782,0.8155317306518555,0.1980551779270172,0.8227571249008179,0.18664279580116272,0.8227092027664185,0.12083582580089569,0.8303192853927612,0.16184864938259125,0.8413282632827759,0.17136402428150177,0.8437937498092651,0.16625458002090454,0.84521484375
yes,0.18640607595443726,0.8833723664283752,0.1964113414287567,0.8136717081069946,0.18820536136627197,0.7385835647583008,0.17974162101745605,0.6824561357498169,0.18193906545639038,0.6384111046791077,0.11637252569198608,0.7568439841270447,0.10926436632871628,0.7524042129516602,0.14493581652641296,0.7796208262443542,0.16993209719657898,0.7969563007354736,0.09322978556156158,0.7974004149436951,0.08663328737020493,0.7973684668540955,0.13268525898456573,0.8208500146865845,0.16080400347709656,0.8316012620925903,0.0784340500831604,0.8361659049987793,0.07074335962533951,0.8381374478340149,0.11476321518421173,0.8491007685661316,0.14227713644504547,0.8517333269119263,0.06816734373569489,0.8742603063583374,0.053096868097782135,0.8709661960601807,0.08109696209430695,0.8742203712463379,0.10135112702846527,0.8725138902664185
yes,0.22954986989498138,0.8320872187614441,0.2455393671989441,0.7688097953796387,0.2718300223350525,0.7145146131515503,0.2879672050476074,0.6676611304283142,0.29364895820617676,0.6270449161529541,0.3265329897403717,0.7294373512268066,0.342430055141449,0.7580530047416687,0.3262750804424286,0.7679779529571533,0.311047226190567,0.7640414237976074,0.3326212465763092,0.7666226625442505,0.3464196026325226,0.7920604944229126,0.33005625009536743,0.7984846830368042,0.31323710083961487,0.7936013340950012,0.33158600330352783,0.8066081404685974,0.34364813566207886,0.8234469890594482,0.32838132977485657,0.828365683555603,0.31115272641181946,0.8235887885093689,0.3260420560836792,0.843949556350708,0.3384615182876587,0.851921021938324,0.32367974519729614,0.8535432815551758,0.308050274848938,0.8486160635948181
yes,0.17604143917560577,0.5289448499679565,0.20552562177181244,0.4613467752933502,0.24614264070987701,0.40159207582473755,0.268118679523468,0.3489857316017151,0.27387210726737976,0.30018800497055054,0.29625046253204346,0.41720253229141235,0.3350559175014496,0.4643018841743469,0.32159924507141113,0.4797607958316803,0.3006543517112732,0.4748392403125763,0.29780176281929016,0.4582141637802124,0.33387550711631775,0.5003753304481506,0.3186969757080078,0.512401819229126,0.29762721061706543,0.5036195516586304,0.29339492321014404,0.504650890827179,0.328762948513031,0.5358507633209229,0.3129514157772064,0.5437820553779602,0.2922905683517456,0.5337062478065491,0.2845948338508606,0.5497322678565979,0.31781065464019775,0.5686442255973816,0.3025761544704437,0.5718468427658081,0.283464252948761,0.562969446182251
yes,0.16454385221004486,0.6168692111968994,0.18684539198875427,0.5437512397766113,0.18321168422698975,0.4591331481933594,0.18069998919963837,0.4002903997898102,0.18622073531150818,0.36739581823349,0.10428105294704437,0.44635722041130066,0.09010664373636246,0.42786914110183716,0.12374702095985413,0.4744723439216614,0.14942152798175812,0.5058280825614929,0.07530029118061066,0.48626962304115295,0.05282832309603691,0.4666096866130829,0.10230042040348053,0.5129726529121399,0.13506725430488586,0.5355271100997925,0.05258478969335556,0.5258950591087341,0.03384034335613251,0.5123575925827026,0.0827607586979866,0.5456583499908447,0.11247269064188004,0.5605780482292175,0.03448460251092911,0.5675602555274963,0.015447281301021576,0.5515677332878113,0.05101893097162247,0.5698867440223694,0.07669426500797272,0.5778946876525879
yes,0.5977530479431152,0.6531384587287903,0.5812093019485474,0.597598135471344,0.5521372556686401,0.5475807189941406,0.5338433980941772,0.5074838399887085,0.5276867747306824,0.4706692397594452,0.5053147673606873,0.5565179586410522,0.4837424159049988,0.5953614711761475,0.4992579519748688,0.6083965301513672,0.5171161890029907,0.6068621277809143,0.49766677618026733,0.5827311277389526,0.4838595390319824,0.6250854730606079,0.5010480880737305,0.6325104832649231,0.5179939270019531,0.6250922679901123,0.4967278838157654,0.6158813834190369,0.4858805537223816,0.6506725549697876,0.5028348565101624,0.6569557785987854,0.5182138681411743,0.648429274559021,0.49851951003074646,0.6501078605651855,0.4941638708114624,0.6790605783462524,0.5119382739067078,0.6812201142311096,0.5250931978225708,0.6709517240524292
yes,0.7369682192802429,0.7301920056343079,0.7124505639076233,0.656335175037384,0.7122009992599487,0.5682696104049683,0.7157431840896606,0.5079124569892883,0.7181633114814758,0.4548102915287018,0.7852769494056702,0.5703443884849548,0.7115154266357422,0.5879986882209778,0.6955727934837341,0.6187762022018433,0.7083553075790405,0.629579484462738,0.810226321220398,0.6189685463905334,0.7162746787071228,0.64564448595047,0.7054130434989929,0.6638622879981995,0.7192016839981079,0.6660064458847046,0.821721076965332,0.6732310056686401,0.7322162389755249,0.6924449801445007,0.7249882817268372,0.7037737369537354,0.7396445870399475,0.702608048915863,0.8250700235366821,0.7243627309799194,0.7602218985557556,0.7306467294692993,0.7477969527244568,0.7356349229812622,0.755046546459198,0.735690176486969
yes,0.7638828754425049,0.7766593098640442,0.7573348879814148,0.7089695334434509,0.774229884147644,0.6346344947814941,0.785291850566864,0.5840451717376709,0.7817284464836121,0.5435829758644104,0.8367404341697693,0.6411845088005066,0.8572815656661987,0.6387502551078796,0.8177170157432556,0.6624331474304199,0.7897370457649231,0.6789122819900513,0.8531733155250549,0.6837180256843567,0.8786109685897827,0.6824604272842407,0.8273029923439026,0.7029285430908203,0.7942814826965332,0.7117074131965637,0.8628721833229065,0.7231983542442322,0.8836977481842041,0.7268375158309937,0.8345321416854858,0.7389017343521118,0.8028739094734192,0.7396470308303833,0.8679553270339966,0.7596490383148193,0.885492205619812,0.7608824968338013,0.848538875579834,0.7666822671890259,0.8228185176849365,0.7613701820373535
yes,0.46948081254959106,0.4917536973953247,0.43320852518081665,0.4186357259750366,0.3877737820148468,0.3651331067085266,0.3566488027572632,0.3207947015762329,0.3445575535297394,0.2729955315589905,0.3307309150695801,0.39125850796699524,0.31105151772499084,0.4452277719974518,0.33475616574287415,0.45908641815185547,0.3580818772315979,0.4520089328289032,0.3235708475112915,0.43353426456451416,0.31617143750190735,0.48576727509498596,0.3399363160133362,0.49207621812820435,0.362204909324646,0.4803299009799957,0.32689332962036133,0.48164236545562744,0.3256843686103821,0.5226202011108398,0.3486970067024231,0.5261751413345337,0.36948132514953613,0.5130535960197449,0.33404165506362915,0.5283163189888,0.33928340673446655,0.5628759860992432,0.36293354630470276,0.5639083385467529,0.37982892990112305,0.5521655082702637
yes,0.5883858799934387,0.4839666187763214,0.548389196395874,0.400161474943161,0.4924946129322052,0.3280031681060791,0.46327435970306396,0.2645490765571594,0.46012642979621887,0.20395667850971222,0.4342128038406372,0.3542187511920929,0.3844941258430481,0.41737473011016846,0.40171730518341064,0.4428963363170624,0.4200010597705841,0.43864133954048157,0.4362465739250183,0.4036971926689148,0.38958707451820374,0.47068464756011963,0.4138956367969513,0.4855945110321045,0.43630045652389526,0.47245773673057556,0.44686242938041687,0.457606703042984,0.4043716788291931,0.5124129056930542,0.42896151542663574,0.521769642829895,0.45177745819091797,0.5083487629890442,0.46186456084251404,0.5108473300933838,0.4245467782020569,0.5471935272216797,0.44642454385757446,0.549594521522522,0.4680432677268982,0.5366458296775818
yes,0.7381430864334106,0.5687093734741211,0.7276825904846191,0.496731162071228,0.746123194694519,0.41031724214553833,0.7605704069137573,0.351869136095047,0.7553563714027405,0.3058483898639679,0.8140085339546204,0.39275598526000977,0.8224499225616455,0.37533146142959595,0.7832172513008118,0.41915565729141235,0.7523137927055359,0.4544426500797272,0.8407964706420898,0.4361724555492401,0.8470634818077087,0.4211501479148865,0.7958266735076904,0.4650118350982666,0.7603437304496765,0.49508750438690186,0.8574160933494568,0.48505157232284546,0.8624905347824097,0.4770330488681793,0.8115752935409546,0.5073732137680054,0.7752156257629395,0.5247294306755066,0.8681159019470215,0.5334764122962952,0.874210000038147,0.5249278545379639,0.8335478901863098,0.537595272064209,0.8034843802452087,0.5403854846954346
yes,0.5272655487060547,0.5837938189506531,0.5069112181663513,0.527256190776825,0.4745786190032959,0.48521044850349426,0.451622873544693,0.45102953910827637,0.44000113010406494,0.4172608256340027,0.42647024989128113,0.5016809701919556,0.4227754771709442,0.5422128438949585,0.44018587470054626,0.5533666014671326,0.4564397931098938,0.550316572189331,0.41593873500823975,0.5353979468345642,0.42257800698280334,0.5723333954811096,0.4403221905231476,0.578639030456543,0.45606985688209534,0.5720868110656738,0.4140217900276184,0.5737746357917786,0.4228149652481079,0.6023874282836914,0.4394806921482086,0.6057339310646057,0.45407095551490784,0.597025990486145,0.41559743881225586,0.6122066378593445,0.4272213578224182,0.6373242735862732,0.4450545907020569,0.6363921761512756,0.45704981684684753,0.6265137195587158
yes,0.61261385679245,0.8236446380615234,0.6018286943435669,0.770484447479248,0.5781114101409912,0.7220754027366638,0.5627173185348511,0.6839841604232788,0.5607494711875916,0.6505584120750427,0.5370489954948425,0.7277945280075073,0.514624834060669,0.7480220794677734,0.5242286920547485,0.7610287070274353,0.5377014875411987,0.7624698877334595,0.5309035778045654,0.7567576169967651,0.5128619074821472,0.7779521942138672,0.5244079828262329,0.7867298722267151,0.538362979888916,0.7850480675697327,0.5293718576431274,0.7892194986343384,0.5144465565681458,0.8038069009780884,0.5260019302368164,0.8101023435592651,0.5396428108215332,0.808363139629364,0.5305474400520325,0.82059645652771,0.5193169713020325,0.8289787173271179,0.5317897200584412,0.8323007225990295,0.5437779426574707,0.8297671675682068
yes,0.6733410358428955,0.8680477738380432,0.6653844118118286,0.8281815052032471,0.6745599508285522,0.7826548218727112,0.6817600131034851,0.7508178353309631,0.6858358383178711,0.7205315828323364,0.7153345346450806,0.7969064712524414,0.6830770969390869,0.8085216879844666,0.6681367754936218,0.8178659677505493,0.6684216260910034,0.8204466104507446,0.7277173399925232,0.8265650272369385,0.6870923042297363,0.839431881904602,0.6735960841178894,0.8396531939506531,0.6740907430648804,0.83693927526474,0.7314977645874023,0.8564831018447876,0.6940099596977234,0.8644566535949707,0.6816811561584473,0.8633310198783875,0.6822856664657593,0.8602775931358337,0.7303827404975891,0.883399486541748,0.7048906683921814,0.8871142864227295,0.691081166267395,0.8853422999382019,0.6870255470275879,0.8824079632759094
yes,0.7851279377937317,0.8997178077697754,0.7894198298454285,0.8578768968582153,0.8049851059913635,0.8148031234741211,0.8139581084251404,0.7843389511108398,0.811343252658844,0.76040118932724,0.8441277742385864,0.8334193229675293,0.8596478700637817,0.8403436541557312,0.8350231647491455,0.8447142839431763,0.8153126835823059,0.8472325205802917,0.8491208553314209,0.8611598014831543,0.8668760657310486,0.8678192496299744,0.8364213705062866,0.8696256279945374,0.8153353333473206,0.868019163608551,0.8508995175361633,0.8853698968887329,0.8622004985809326,0.8924230933189392,0.8346883058547974,0.8904917240142822,0.816868782043457,0.8854308724403381,0.8500974178314209,0.907589316368103,0.8585926294326782,0.9107109904289246,0.8381257653236389,0.9065414667129517,0.8247987627983093,0.8984374403953552
yes,0.774724543094635,0.9032014608383179,0.7807162404060364,0.8619177937507629,0.7964152693748474,0.8209080696105957,0.8051526546478271,0.7903045415878296,0.8030723333358765,0.7658843398094177,0.8334660530090332,0.838863730430603,0.8523012399673462,0.8484728336334229,0.8287550806999207,0.8523659110069275,0.8087466955184937,0.8536264896392822,0.8370321393013,0.8653819561004639,0.8568137288093567,0.8742194771766663,0.8282556533813477,0.8756848573684692,0.8077908158302307,0.8735711574554443,0.8377931714057922,0.8885182738304138,0.8525205254554749,0.8967418074607849,0.827113151550293,0.895230770111084,0.8096497058868408,0.8907268643379211,0.8359776139259338,0.9100972414016724,0.848017692565918,0.9150303602218628,0.8290629982948303,0.9121893048286438,0.8159241080284119,0.9062120318412781
yes,0.5985815525054932,0.5159628987312317,0.562408447265625,0.43469786643981934,0.5049248337745667,0.3683655858039856,0.46833014488220215,0.31265461444854736,0.45891299843788147,0.25758808851242065,0.44360077381134033,0.3929441273212433,0.40057313442230225,0.4513130486011505,0.4198135435581207,0.473941445350647,0.43986383080482483,0.4697228670120239,0.44043150544166565,0.4381427764892578,0.40599116683006287,0.502366840839386,0.4309585988521576,0.514711856842041,0.4535321891307831,0.5014328956604004,0.44636207818984985,0.4906071722507477,0.41990479826927185,0.5430666208267212,0.44493335485458374,0.5497867465019226,0.4656597077846527,0.5352757573127747,0.45742300152778625,0.5431742072105408,0.43870091438293457,0.5793133974075317,0.46294230222702026,0.5811935663223267,0.4808295667171478,0.5675191879272461
yes,0.18327057361602783,0.6980288028717041,0.19708400964736938,0.633931577205658,0.22181543707847595,0.5760328769683838,0.23920360207557678,0.5277504324913025,0.2450454831123352,0.48615074157714844,0.2713657319545746,0.5835147500038147,0.2981188893318176,0.6110602617263794,0.28312647342681885,0.6253150701522827,0.26471126079559326,0.6238258481025696,0.2795221209526062,0.6196326017379761,0.3058050274848938,0.6415202617645264,0.2904704809188843,0.652319610118866,0.2708127796649933,0.6491782665252686,0.281766414642334,0.6606499552726746,0.3089710772037506,0.6728139519691467,0.2934205234050751,0.68265700340271,0.2738473415374756,0.6812474727630615,0.27896782755851746,0.7014750242233276,0.30429136753082275,0.7029271125793457,0.2888016104698181,0.7092726230621338,0.2708773910999298,0.7092057466506958
yes,0.11167029291391373,0.5853719115257263,0.14129149913787842,0.49594640731811523,0.18351824581623077,0.41549476981163025,0.2040489912033081,0.34679901599884033,0.20801566541194916,0.2848682403564453,0.2574523985385895,0.44006481766700745,0.30638012290000916,0.49310046434402466,0.2877718210220337,0.5130560398101807,0.2599528133869171,0.5082149505615234,0.26090994477272034,0.49129369854927063,0.30814775824546814,0.5388083457946777,0.2868630886077881,0.553112804889679,0.25766244530677795,0.5429612398147583,0.2566261291503906,0.5479132533073425,0.30431801080703735,0.5818827748298645,0.28189048171043396,0.5912922620773315,0.2530096769332886,0.5799804925918579,0.24618259072303772,0.6032251119613647,0.2887331247329712,0.6218817830085754,0.2673197388648987,0.6250706315040588,0.24129129946231842,0.6145992875099182
yes,0.14333413541316986,0.6614301204681396,0.18341118097305298,0.5362423062324524,0.23964160680770874,0.43345576524734497,0.27023598551750183,0.3397056460380554,0.27604565024375916,0.25632476806640625,0.33012109994888306,0.48621082305908203,0.3866470158100128,0.5231717228889465,0.358303964138031,0.540048360824585,0.3274818956851959,0.5371527075767517,0.33677512407302856,0.5639209747314453,0.39579224586486816,0.5864148736000061,0.36695605516433716,0.5957093238830566,0.3327034115791321,0.5938611626625061,0.33148884773254395,0.6424567699432373,0.384062796831131,0.6491132974624634,0.3566444516181946,0.6572232842445374,0.3225085735321045,0.6566594839096069,0.31781381368637085,0.7139543294906616,0.36309361457824707,0.7082631587982178,0.337818443775177,0.7088468074798584,0.30961501598358154,0.7069646120071411
yes,0.14681807160377502,0.7961442470550537,0.1804857850074768,0.721196711063385,0.1822623908519745,0.6304558515548706,0.1732938289642334,0.5602706670761108,0.16652068495750427,0.4963834881782532,0.1077338457107544,0.6423706412315369,0.1899857372045517,0.6984878182411194,0.1955045759677887,0.7097560167312622,0.17867176234722137,0.7020414471626282,0.07041916251182556,0.7064825296401978,0.17748704552650452,0.7626450061798096,0.17835332453250885,0.7545732855796814,0.16062748432159424,0.7419739365577698,0.05338549613952637,0.7697209119796753,0.14766539633274078,0.8141048550605774,0.1512950360774994,0.8061715364456177,0.1361975073814392,0.7948848009109497,0.0464271605014801,0.8318096399307251,0.11074202507734299,0.8537800312042236,0.12070346623659134,0.844119668006897,0.11280039697885513,0.8367844820022583
yes,0.20528513193130493,0.7599688172340393,0.21568474173545837,0.6858186721801758,0.23849934339523315,0.6222127079963684,0.2541058361530304,0.5678766369819641,0.25830531120300293,0.5187029838562012,0.31102120876312256,0.6359367370605469,0.32746967673301697,0.6743633151054382,0.31031888723373413,0.6886280179023743,0.2913360595703125,0.6870989799499512,0.32272574305534363,0.6756004691123962,0.3376578688621521,0.7118477821350098,0.31807729601860046,0.7210686206817627,0.29685941338539124,0.7162195444107056,0.32539916038513184,0.7194938063621521,0.3390505313873291,0.7466226816177368,0.31927230954170227,0.7542141675949097,0.2982666492462158,0.7486263513565063,0.32083749771118164,0.762653648853302,0.3341227173805237,0.7807836532592773,0.3151122033596039,0.7853655815124512,0.2955564558506012,0.7791028022766113
yes,0.22588776051998138,0.773267388343811,0.23412543535232544,0.7128390073776245,0.2524237036705017,0.6606037020683289,0.2656526267528534,0.6159135103225708,0.2701592445373535,0.5764474868774414,0.3088070750236511,0.6681489944458008,0.32689693570137024,0.6987544298171997,0.31277164816856384,0.7108615636825562,0.29703909158706665,0.7093307375907898,0.3175552189350128,0.7005293369293213,0.33471065759658813,0.7279406189918518,0.31908947229385376,0.7362990975379944,0.3019896447658539,0.7327835559844971,0.31967711448669434,0.7356166839599609,0.3356614410877228,0.7563326358795166,0.32002538442611694,0.7627244591712952,0.3029138147830963,0.7588080167770386,0.3166351318359375,0.7702171206474304,0.33130979537963867,0.78420090675354,0.31599661707878113,0.7881147265434265,0.29984045028686523,0.7834393978118896
yes,0.1468973606824875,0.8530194759368896,0.1729719042778015,0.7713214159011841,0.1630009114742279,0.6822531819343567,0.1474699079990387,0.6212306022644043,0.13454577326774597,0.5639681220054626,0.08085747808218002,0.68575119972229,0.15352191030979156,0.7123614549636841,0.17714667320251465,0.7445996403694153,0.16809415817260742,0.7571168541908264,0.04942213371396065,0.7406637668609619,0.14153853058815002,0.7721080780029297,0.16209298372268677,0.789852499961853,0.15184006094932556,0.7921072244644165,0.03668251633644104,0.7978730201721191,0.1122913509607315,0.821776270866394,0.13766229152679443,0.832211971282959,0.13501927256584167,0.8334552645683289,0.03314483165740967,0.857799232006073,0.07356704771518707,0.8674124479293823,0.0991886705160141,0.8676146268844604,0.10621187090873718,0.8668304681777954
yes,0.2592703402042389,0.8397530913352966,0.27077528834342957,0.7687429785728455,0.29435858130455017,0.7064299583435059,0.3074038326740265,0.6536415815353394,0.3085174858570099,0.608516275882721,0.35575032234191895,0.7117648720741272,0.38024550676345825,0.74501633644104,0.36628082394599915,0.7591698169708252,0.34823665022850037,0.7584353685379028,0.3658992350101471,0.7485548257827759,0.3897797167301178,0.7775344252586365,0.3738068640232086,0.7878499627113342,0.3536505699157715,0.7847731113433838,0.3686334490776062,0.7902125120162964,0.3902733027935028,0.812698483467102,0.3742108643054962,0.8206897974014282,0.35436972975730896,0.8168798685073853,0.36541667580604553,0.8313342332839966,0.38247570395469666,0.8458313941955566,0.3661061227321625,0.850685715675354,0.34847885370254517,0.8466166853904724
yes,0.1636946052312851,0.6720834970474243,0.15088246762752533,0.6119627952575684,0.1504027247428894,0.5511156916618347,0.14750438928604126,0.5021064281463623,0.13509441912174225,0.4668303430080414,0.19796769320964813,0.5050596594810486,0.25111162662506104,0.5173514485359192,0.2451191246509552,0.5447072982788086,0.2270359843969345,0.5585650205612183,0.21602432429790497,0.5236371755599976,0.2688830494880676,0.5419554710388184,0.25838783383369446,0.5668738484382629,0.2379213571548462,0.5757353901863098,0.23239338397979736,0.5512562990188599,0.27895909547805786,0.5697133541107178,0.26677992939949036,0.5913962721824646,0.24663378298282623,0.5967569947242737,0.24686600267887115,0.5848031044006348,0.28284382820129395,0.5976812839508057,0.271740585565567,0.615395188331604,0.2546476125717163,0.6196138858795166
yes,0.008869044482707977,0.6657270193099976,0.03950972855091095,0.5648268461227417,0.09308052062988281,0.47192397713661194,0.12530601024627686,0.3971394896507263,0.13271041214466095,0.33049476146698,0.1456986963748932,0.49789106845855713,0.22342711687088013,0.5283474922180176,0.2046145647764206,0.5509439706802368,0.17486239969730377,0.5514485836029053,0.1510186642408371,0.5645110011100769,0.23061318695545197,0.5837565660476685,0.2074807584285736,0.5989100933074951,0.1741092950105667,0.5957184433937073,0.15055623650550842,0.6339094638824463,0.2256762683391571,0.6404734253883362,0.20126771926879883,0.6506004929542542,0.16908977925777435,0.6485183238983154,0.1448706090450287,0.6999396085739136,0.20532387495040894,0.6937196850776672,0.18328997492790222,0.696041464805603,0.1549973040819168,0.6942535638809204
yes,0.09579204767942429,0.6114203333854675,0.12064529955387115,0.5044304728507996,0.16276408731937408,0.41067448258399963,0.18413621187210083,0.3318237066268921,0.18346506357192993,0.26480668783187866,0.2357921302318573,0.42809808254241943,0.2952193319797516,0.4649757444858551,0.2780451774597168,0.4903041422367096,0.2500758767127991,0.4940784275531769,0.24710668623447418,0.48463818430900574,0.30218836665153503,0.5181593298912048,0.28134194016456604,0.5384654998779297,0.25185316801071167,0.5356794595718384,0.2506332993507385,0.5492873191833496,0.3028723895549774,0.5683488845825195,0.28098636865615845,0.584137499332428,0.25136929750442505,0.5811236500740051,0.24758104979991913,0.6131976842880249,0.2992536127567291,0.6171483397483826,0.2791281044483185,0.6273243427276611,0.25251883268356323,0.6258406639099121
yes,0.15504872798919678,0.6679959297180176,0.20335745811462402,0.5811930298805237,0.22452805936336517,0.46910586953163147,0.22806929051876068,0.38222718238830566,0.2288571000099182,0.29312288761138916,0.16356965899467468,0.47236478328704834,0.2745468020439148,0.5366371870040894,0.2594245672225952,0.5610342621803284,0.22240188717842102,0.546835720539093,0.13025853037834167,0.5359488129615784,0.2580350935459137,0.6071885228157043,0.23551297187805176,0.6131434440612793,0.19649061560630798,0.5946367383003235,0.11158327758312225,0.6080549955368042,0.22845537960529327,0.6611770987510681,0.21141493320465088,0.6621946096420288,0.17871752381324768,0.6445934176445007,0.10357797145843506,0.6742167472839355,0.19289273023605347,0.6990305781364441,0.18513734638690948,0.68988037109375,0.1573197990655899,0.6789517402648926
yes,0.277025431394577,0.6580182313919067,0.310719758272171,0.5520990490913391,0.3128160536289215,0.4185383915901184,0.316166490316391,0.3116416931152344,0.3294605612754822,0.23494431376457214,0.1942882388830185,0.3821198344230652,0.18435007333755493,0.4110153913497925,0.2370283156633377,0.48100730776786804,0.2747213542461395,0.5151770114898682,0.13697001338005066,0.43454161286354065,0.14125415682792664,0.47723251581192017,0.2111768275499344,0.5444315075874329,0.25699055194854736,0.574532151222229,0.10190945863723755,0.4988570511341095,0.09995803236961365,0.5239688754081726,0.16829577088356018,0.5772374868392944,0.21605366468429565,0.5991697311401367,0.07915814220905304,0.5637445449829102,0.05362148582935333,0.566524863243103,0.09619399160146713,0.5998460054397583,0.1345662772655487,0.6141591668128967
yes,0.6346104741096497,0.7492220401763916,0.6202097535133362,0.7078407406806946,0.5960788130760193,0.6673454642295837,0.5871170163154602,0.6339647769927979,0.5901002883911133,0.6051599383354187,0.5704917907714844,0.6674439311027527,0.5373408794403076,0.6959481835365295,0.5491836667060852,0.7053022384643555,0.5618643164634705,0.6987982392311096,0.5698826909065247,0.6879745721817017,0.5372039675712585,0.7185195684432983,0.5508735775947571,0.7242608666419983,0.5642018914222717,0.7168183922767639,0.572160005569458,0.711652934551239,0.5449314713478088,0.7395097613334656,0.5581479668617249,0.7428643107414246,0.5702205896377563,0.7346240282058716,0.5766081809997559,0.7358486652374268,0.5560787320137024,0.7571945190429688,0.5689221620559692,0.7584956884384155,0.5807233452796936,0.7503206729888916
yes,0.6408811211585999,0.6538733243942261,0.5998499393463135,0.6363341212272644,0.553608238697052,0.6345687508583069,0.5239704251289368,0.6178647875785828,0.5081196427345276,0.5905240774154663,0.5490273833274841,0.6659473776817322,0.5274198055267334,0.726154088973999,0.5397413969039917,0.7180195450782776,0.5491631031036377,0.697477400302887,0.5726467967033386,0.6887110471725464,0.546491801738739,0.7495058178901672,0.5584287643432617,0.7361495494842529,0.5681105256080627,0.7147270441055298,0.5966271758079529,0.7078498005867004,0.5724664330482483,0.7594179511070251,0.5818734765052795,0.7435250878334045,0.591005802154541,0.7229197025299072,0.6196951866149902,0.7237266302108765,0.5971538424491882,0.7601918578147888,0.6039426326751709,0.7451673150062561,0.6124856472015381,0.7275709509849548
yes,0.5769679546356201,0.7025657892227173,0.5917950868606567,0.6610089540481567,0.5955207347869873,0.6220470070838928,0.600861668586731,0.5895031094551086,0.6116344928741455,0.5660090446472168,0.5513229370117188,0.5988538861274719,0.545772910118103,0.6145910620689392,0.5523557662963867,0.6315616965293884,0.5607694983482361,0.6408882141113281,0.5322480797767639,0.6119421124458313,0.5290785431861877,0.6303890347480774,0.5374258160591125,0.6453952193260193,0.5477977991104126,0.652828574180603,0.5177293419837952,0.6321927309036255,0.5160911679267883,0.6481938362121582,0.5252354145050049,0.6611567735671997,0.5365700721740723,0.6667815446853638,0.5051047801971436,0.6538044214248657,0.5027274489402771,0.6675330400466919,0.5131801962852478,0.6781713962554932,0.5241587162017822,0.6818658113479614
yes,0.728462278842926,0.7688273191452026,0.7089185118675232,0.7187398672103882,0.7021022439002991,0.6555521488189697,0.6960392594337463,0.6142157316207886,0.6841447949409485,0.5869218111038208,0.7528255581855774,0.6444039344787598,0.7711005806922913,0.6303216218948364,0.7499142289161682,0.6597097516059875,0.7315639853477478,0.6839540004730225,0.7714890837669373,0.6719450950622559,0.7953197956085205,0.656931459903717,0.7664226293563843,0.6877840161323547,0.7429990768432617,0.7076919674873352,0.7848060131072998,0.6989854574203491,0.8030469417572021,0.6915701627731323,0.7743729948997498,0.7161080241203308,0.7521754503250122,0.7286638617515564,0.793813943862915,0.7264086008071899,0.8064882755279541,0.7195761799812317,0.783562183380127,0.7357895970344543,0.764771044254303,0.7424843311309814
yes,0.783233642578125,0.7861419320106506,0.7126056551933289,0.6943203210830688,0.638085663318634,0.6260502338409424,0.5781052708625793,0.5689678192138672,0.5445337891578674,0.5128693580627441,0.5555047988891602,0.6948866248130798,0.5157715082168579,0.760047435760498,0.5475468039512634,0.7754461765289307,0.5772082805633545,0.7655639052391052,0.5571816563606262,0.76850825548172,0.5343942046165466,0.8243395090103149,0.5677105784416199,0.8315562605857849,0.5963858366012573,0.8165779709815979,0.5750611424446106,0.8423680663108826,0.5491709113121033,0.883811354637146,0.5800910592079163,0.8869922161102295,0.6089802980422974,0.871559202671051,0.5990848541259766,0.9114463925361633,0.556556224822998,0.9467251300811768,0.5809243321418762,0.9434558749198914,0.6077361106872559,0.9286454916000366
yes,0.7394049763679504,0.7928318381309509,0.673693835735321,0.7095475792884827,0.591801106929779,0.6302227973937988,0.5590316653251648,0.5452246069908142,0.5504059195518494,0.4616633355617523,0.5854827165603638,0.6590114831924438,0.46950772404670715,0.7532021999359131,0.5047375559806824,0.7578814029693604,0.5439679622650146,0.7314078211784363,0.6160027980804443,0.7328824400901794,0.49644389748573303,0.8283374905586243,0.5342679619789124,0.8183318972587585,0.5753275752067566,0.7904198169708252,0.6460406184196472,0.8102784752845764,0.5347017645835876,0.8921568989753723,0.5684959292411804,0.8759135007858276,0.6076971292495728,0.8476986289024353,0.672626793384552,0.884809136390686,0.5808287858963013,0.9436975121498108,0.6012616753578186,0.9242649078369141,0.6336196660995483,0.8979572653770447
yes,0.7882234454154968,0.8660120964050293,0.7219539284706116,0.7475655674934387,0.6819754838943481,0.6230924129486084,0.6784907579421997,0.5219883918762207,0.6967946887016296,0.43256959319114685,0.7282314300537109,0.6397886872291565,0.6121464371681213,0.6746881604194641,0.6260990500450134,0.7218543887138367,0.6598547697067261,0.7178385853767395,0.758393406867981,0.7349969744682312,0.6219887733459473,0.7655930519104004,0.6419419646263123,0.7950460910797119,0.6779292821884155,0.7915197610855103,0.7734253406524658,0.8285844326019287,0.6449277997016907,0.8620530962944031,0.6653574705123901,0.8757071495056152,0.7051246762275696,0.8633797764778137,0.7774749994277954,0.9139605760574341,0.6725595593452454,0.942851722240448,0.6907656788825989,0.9423438310623169,0.7286050915718079,0.9328281879425049
yes,0.696577250957489,0.7711173295974731,0.6559007167816162,0.6882311701774597,0.6067522764205933,0.6258944272994995,0.5714154243469238,0.5668827295303345,0.5541008710861206,0.515222430229187,0.5278106927871704,0.6690537333488464,0.5062283873558044,0.7127231359481812,0.5352551341056824,0.7255372405052185,0.5610119104385376,0.7179074883460999,0.5216242074966431,0.7309262156486511,0.5102952718734741,0.7658801078796387,0.5367266535758972,0.7731142044067383,0.5615792274475098,0.761834442615509,0.5293803215026855,0.7922185659408569,0.5188586711883545,0.8147606253623962,0.5429348945617676,0.819433867931366,0.567257821559906,0.8090493083000183,0.5431020855903625,0.8450312614440918,0.5390141010284424,0.8599314093589783,0.5632665753364563,0.8594059348106384,0.5845834016799927,0.8493231534957886
yes,0.7027341723442078,0.7944546937942505,0.6615710258483887,0.7285650372505188,0.6167123317718506,0.6724632382392883,0.5747817754745483,0.6349208354949951,0.5422438979148865,0.6235383749008179,0.555635929107666,0.720751941204071,0.5234435200691223,0.7723656892776489,0.5433647632598877,0.7867839336395264,0.5626013278961182,0.7792848944664001,0.5579668283462524,0.76834636926651,0.5357549786567688,0.8205587863922119,0.5569140911102295,0.8276084065437317,0.5758744478225708,0.8135243058204651,0.5695570707321167,0.8169274926185608,0.5518747568130493,0.8616387248039246,0.5719375014305115,0.8632389307022095,0.5896140933036804,0.8479625582695007,0.5858479142189026,0.8629094958305359,0.5777256488800049,0.8956134915351868,0.5978868007659912,0.8917080163955688,0.6131252646446228,0.876450777053833
yes,0.7085651159286499,0.82573002576828,0.6818221807479858,0.7490063309669495,0.6465811729431152,0.6942510008811951,0.6252979040145874,0.6395903825759888,0.6221752166748047,0.591374933719635,0.5676885843276978,0.7355666756629944,0.5009025931358337,0.7382871508598328,0.5039392113685608,0.7618093490600586,0.5265961289405823,0.7707481384277344,0.5595595240592957,0.7822903394699097,0.49524447321891785,0.7982967495918274,0.5107870101928711,0.8206652402877808,0.5339723229408264,0.8194569945335388,0.5631474256515503,0.8320533037185669,0.5064793229103088,0.8489899635314941,0.5242893099784851,0.8637523055076599,0.548953115940094,0.8606775403022766,0.575764536857605,0.8797111511230469,0.5303178429603577,0.9017907381057739,0.5414621233940125,0.9056951403617859,0.560971200466156,0.8970096111297607
yes,0.7142776846885681,0.8548520803451538,0.6738321185112,0.7781777381896973,0.6245976090431213,0.7120135426521301,0.594287633895874,0.6537688970565796,0.5788626670837402,0.6072008609771729,0.571994960308075,0.7377094626426697,0.516069233417511,0.7907785177230835,0.5396465063095093,0.8087456822395325,0.5626232624053955,0.7969338893890381,0.5741940140724182,0.7942235469818115,0.5223603248596191,0.8432787656784058,0.5494590997695923,0.8526285886764526,0.5758775472640991,0.8379294276237488,0.5836525559425354,0.8530440330505371,0.5414447784423828,0.8959887027740479,0.5687485337257385,0.8996692895889282,0.5929383635520935,0.8845638036727905,0.5976858139038086,0.910027027130127,0.5724089741706848,0.9393659830093384,0.5979177355766296,0.9357762336730957,0.6178889870643616,0.9202698469161987
yes,0.7597827911376953,0.8309686779975891,0.7072336673736572,0.7435997724533081,0.6631433367729187,0.6433850526809692,0.6487522721290588,0.5640187859535217,0.6488173604011536,0.48926281929016113,0.6892526745796204,0.6503180265426636,0.5761034488677979,0.6783760786056519,0.5914949774742126,0.7210505604743958,0.6237971186637878,0.7200646996498108,0.7134960889816284,0.7216678261756897,0.587548017501831,0.7497186064720154,0.6100130081176758,0.7805238366127014,0.6452564597129822,0.7790979146957397,0.7265216112136841,0.7986093163490295,0.6112815141677856,0.8291837573051453,0.6347104907035828,0.8462681770324707,0.6713566780090332,0.8381874561309814,0.7293099164962769,0.8722777962684631,0.6333674788475037,0.8975375890731812,0.6479111313819885,0.8964274525642395,0.6785725951194763,0.8842360973358154
yes,0.7512637972831726,0.8078109622001648,0.6938027739524841,0.7387398481369019,0.6346175670623779,0.6952306032180786,0.5924023985862732,0.651888370513916,0.5668719410896301,0.6090265512466431,0.5617091059684753,0.7815886735916138,0.5562452673912048,0.8493497371673584,0.5860315561294556,0.8531455397605896,0.6105496287345886,0.8340966105461121,0.5692516565322876,0.8426401019096375,0.5714386105537415,0.8982299566268921,0.5987071394920349,0.895220160484314,0.621103048324585,0.8715152144432068,0.5912154912948608,0.8979143500328064,0.5932480096817017,0.938010573387146,0.6177765130996704,0.9317620992660522,0.636751115322113,0.907550573348999,0.6183955669403076,0.945484459400177,0.6261455416679382,0.972794771194458,0.6491178870201111,0.9589967727661133,0.6641255021095276,0.9350817799568176
yes,0.7215315103530884,0.8173798322677612,0.6659942865371704,0.7607150673866272,0.6072500944137573,0.7133857607841492,0.5659592747688293,0.6695241928100586,0.5426709055900574,0.6216758489608765,0.5567158460617065,0.7170283794403076,0.49248403310775757,0.7994723320007324,0.5170789957046509,0.8305692672729492,0.5396679639816284,0.8196695446968079,0.5696179270744324,0.7497583031654358,0.5101999044418335,0.8531312942504883,0.5416857004165649,0.8692287802696228,0.5645937919616699,0.8461307287216187,0.5894274711608887,0.7939711809158325,0.541254997253418,0.8947107791900635,0.5726353526115417,0.9029099345207214,0.5924537181854248,0.8771525621414185,0.6137606501579285,0.8424192667007446,0.5773168206214905,0.9262205362319946,0.5992947220802307,0.930839478969574,0.6140725612640381,0.9090652465820312
yes,0.6806653141975403,0.6415963172912598,0.6767962574958801,0.5543096661567688,0.6592703461647034,0.4867163896560669,0.6418217420578003,0.42451798915863037,0.6397538781166077,0.3715513348579407,0.5714578032493591,0.4999193251132965,0.5569970607757568,0.4670538008213043,0.5814681053161621,0.477812260389328,0.5960774421691895,0.493443101644516,0.5557808876037598,0.5468156337738037,0.5491125583648682,0.5112450122833252,0.5711381435394287,0.515389084815979,0.5844686031341553,0.5298950672149658,0.5537494421005249,0.5926499962806702,0.5477710366249084,0.5576820373535156,0.5665638446807861,0.5592676997184753,0.5814511179924011,0.5721104145050049,0.5575934052467346,0.6315556764602661,0.5524988770484924,0.5987827181816101,0.5694305300712585,0.5979162454605103,0.582614541053772,0.6079459190368652
yes,0.7101013660430908,0.7355796098709106,0.6508327722549438,0.6552352905273438,0.583071231842041,0.6010408401489258,0.5332890152931213,0.5458781719207764,0.5019177794456482,0.4918830096721649,0.5407905578613281,0.6663669943809509,0.4552620053291321,0.7205768823623657,0.48104941844940186,0.7178478240966797,0.5125569105148315,0.6993415355682373,0.555586040019989,0.7361205816268921,0.47414863109588623,0.7785532474517822,0.5017993450164795,0.7679493427276611,0.5324724912643433,0.7502025961875916,0.5759280920028687,0.7999322414398193,0.5049147605895996,0.8306708931922913,0.5296498537063599,0.8144643306732178,0.5585753321647644,0.7967954874038696,0.5984452366828918,0.8541836142539978,0.5441471338272095,0.8700180053710938,0.5635130405426025,0.8511161208152771,0.586291491985321,0.8359473347663879
yes,0.742570698261261,0.7885915637016296,0.7700497508049011,0.6873623728752136,0.786456823348999,0.5952799320220947,0.8150199055671692,0.508612871170044,0.8516188859939575,0.4544515609741211,0.6818854808807373,0.5484569072723389,0.6685282588005066,0.4844799041748047,0.6895059943199158,0.5140374898910522,0.702760636806488,0.5433274507522583,0.6394644379615784,0.5832316875457764,0.6316543221473694,0.5184518694877625,0.652807354927063,0.5392982959747314,0.6673740744590759,0.5687922835350037,0.6103678941726685,0.6275262832641602,0.6040807962417603,0.5664209127426147,0.6243387460708618,0.5826893448829651,0.6401333212852478,0.611607015132904,0.5910675525665283,0.6723462343215942,0.5904880166053772,0.6255011558532715,0.6098427772521973,0.6372181177139282,0.6244343519210815,0.6588432788848877
yes,0.7508248686790466,0.7774232625961304,0.7556248307228088,0.6821624040603638,0.7470537424087524,0.594069242477417,0.7547119855880737,0.5173900127410889,0.7689193487167358,0.45752233266830444,0.7061231732368469,0.6503552794456482,0.6084463000297546,0.5860763788223267,0.5923967361450195,0.5682981610298157,0.6072654128074646,0.5724195837974548,0.6751462817192078,0.7076421976089478,0.5860092043876648,0.6427721977233887,0.5885665416717529,0.6207293272018433,0.6162208318710327,0.6228044629096985,0.6493511199951172,0.7560039162635803,0.56927490234375,0.6980136036872864,0.5729132890701294,0.6720299124717712,0.5997672080993652,0.6702472567558289,0.6287674307823181,0.7937741875648499,0.5601478219032288,0.7545839548110962,0.5566216707229614,0.7231082320213318,0.5734469890594482,0.7083212733268738
yes,0.7333606481552124,0.706444263458252,0.7025643587112427,0.623323380947113,0.6525838375091553,0.5467345714569092,0.6293429732322693,0.4812776446342468,0.6350342035293579,0.4228173792362213,0.5905808806419373,0.5612272024154663,0.5300347805023193,0.6195219159126282,0.5537422299385071,0.6373916268348694,0.5775737762451172,0.6238009929656982,0.590994656085968,0.6109758019447327,0.535598874092102,0.66902095079422,0.5638885498046875,0.6790112257003784,0.589068591594696,0.6625750064849854,0.5985182523727417,0.6639670133590698,0.548180103302002,0.7094882726669312,0.5757813453674316,0.7157992124557495,0.6006575226783752,0.700141191482544,0.6104971766471863,0.7156932950019836,0.5700874328613281,0.7449300289154053,0.5947878956794739,0.7473318576812744,0.6185663342475891,0.7351280450820923
yes,0.7094680666923523,0.7227786183357239,0.6671380996704102,0.6277837753295898,0.6518518924713135,0.5320696830749512,0.6602578163146973,0.4601901173591614,0.6845537424087524,0.4074884057044983,0.6797774434089661,0.539420485496521,0.5950825214385986,0.5872746706008911,0.6112624406814575,0.600584089756012,0.6359896659851074,0.5832807421684265,0.700622022151947,0.5900472402572632,0.6066957712173462,0.6442149877548218,0.6289706826210022,0.6391463875770569,0.6518589854240417,0.6184704899787903,0.7170000672340393,0.643999457359314,0.6271717548370361,0.6874170303344727,0.647263765335083,0.6784070730209351,0.6722846627235413,0.6603707075119019,0.7264271974563599,0.6966952085494995,0.6540374159812927,0.7182366847991943,0.6690629720687866,0.7067235708236694,0.6962668895721436,0.6918637752532959
yes,0.1703089028596878,0.6298637986183167,0.18553012609481812,0.5708461999893188,0.2137475460767746,0.5115353465080261,0.22693811357021332,0.46368488669395447,0.22612957656383514,0.4214053153991699,0.25678128004074097,0.5140661597251892,0.29987654089927673,0.5542280077934265,0.28436630964279175,0.5665299296379089,0.2652227282524109,0.5609734654426575,0.25776728987693787,0.5481988787651062,0.30448421835899353,0.5843499898910522,0.28619346022605896,0.5934633016586304,0.2653495967388153,0.5856974720954895,0.2553144097328186,0.5880995988845825,0.3001839518547058,0.6136336922645569,0.2820783853530884,0.6208784580230713,0.2621578574180603,0.614680290222168,0.2502622604370117,0.6288830041885376,0.2886338233947754,0.6393692493438721,0.2733253836631775,0.6432251930236816,0.2553466260433197,0.6391654014587402
yes,0.14915433526039124,0.7992966771125793,0.15554071962833405,0.7288881540298462,0.13679561018943787,0.652083694934845,0.12316524237394333,0.5969403982162476,0.12112855166196823,0.5578005313873291,0.0698484554886818,0.6747413873672485,0.06177394092082977,0.6713619828224182,0.10158627480268478,0.6979891657829285,0.13023808598518372,0.7187433242797852,0.04682572931051254,0.7216673493385315,0.028301432728767395,0.7191975116729736,0.08167120814323425,0.7382615804672241,0.11701103299856186,0.7480698823928833,0.0323910117149353,0.7630651593208313,0.016432352364063263,0.7680296301841736,0.06734377890825272,0.7750867009162903,0.09881990402936935,0.7745012044906616,0.02484821528196335,0.8032116889953613,0.016067899763584137,0.8088018298149109,0.052805375307798386,0.8085983991622925,0.07636623829603195,0.8006135821342468
yes,0.2847035825252533,0.8590594530105591,0.31111830472946167,0.7286311388015747,0.28383868932724,0.5964565873146057,0.2611357271671295,0.5010908246040344,0.2528429329395294,0.41468486189842224,0.12313657999038696,0.6072443127632141,0.18414664268493652,0.66909259557724,0.25262734293937683,0.7148146033287048,0.2776430547237396,0.7310267686843872,0.07234585285186768,0.6945108771324158,0.14245815575122833,0.7700626850128174,0.21622151136398315,0.7903977036476135,0.24375949800014496,0.7803225517272949,0.050284117460250854,0.7828881740570068,0.10777866095304489,0.8527012467384338,0.1822696179151535,0.8512526154518127,0.21248866617679596,0.8209919929504395,0.044290125370025635,0.8653960227966309,0.07185827940702438,0.9092675447463989,0.1330382376909256,0.909020185470581,0.16281215846538544,0.8865115642547607
yes,0.3197825849056244,0.8047467470169067,0.3649703562259674,0.6932523250579834,0.3859931230545044,0.5803477764129639,0.3830041289329529,0.4883666932582855,0.37393254041671753,0.3945474922657013,0.3381863236427307,0.5859119296073914,0.46062201261520386,0.6484589576721191,0.44103187322616577,0.6782206296920776,0.39857977628707886,0.6638133525848389,0.30841007828712463,0.657701849937439,0.44574952125549316,0.7186176180839539,0.41712650656700134,0.7316033244132996,0.3766302168369293,0.7180209159851074,0.2917500436306,0.7343371510505676,0.41413894295692444,0.7819518446922302,0.3905835449695587,0.7875430583953857,0.35517826676368713,0.7697381973266602,0.2867514491081238,0.8025130033493042,0.3734784722328186,0.8297120332717896,0.3609292507171631,0.8227057456970215,0.3266816735267639,0.8055302500724792
yes,0.38051214814186096,0.8013388514518738,0.3979828655719757,0.7097339630126953,0.43825381994247437,0.6358428001403809,0.467754065990448,0.5690966844558716,0.47868484258651733,0.5043710470199585,0.527569591999054,0.6690973043441772,0.5408943891525269,0.7178394198417664,0.5137899518013,0.7278969287872314,0.49044787883758545,0.7190762162208557,0.5384255051612854,0.7258174419403076,0.5487586259841919,0.7737370133399963,0.52241450548172,0.7772362232208252,0.49824461340904236,0.7658301591873169,0.5356437563896179,0.7853999137878418,0.5439354181289673,0.8200711011886597,0.5196331143379211,0.8211215138435364,0.4956713020801544,0.8086255788803101,0.5249204635620117,0.8405346274375916,0.530780017375946,0.8623014092445374,0.5078989267349243,0.8600022792816162,0.48718106746673584,0.846524715423584
yes,0.30523204803466797,0.7932922840118408,0.31034842133522034,0.7060096859931946,0.33243244886398315,0.6275603175163269,0.3489533066749573,0.5615484714508057,0.3495963215827942,0.5045722723007202,0.4137322008609772,0.6227669715881348,0.4491190016269684,0.6623624563217163,0.4282386004924774,0.6833722591400146,0.4043125510215759,0.6833796501159668,0.43099749088287354,0.6663870215415955,0.4615272581577301,0.7046526074409485,0.4396623373031616,0.7197872400283813,0.41396766901016235,0.7163853049278259,0.4392644762992859,0.7188334465026855,0.4675000011920929,0.7452513575553894,0.44579219818115234,0.7584677934646606,0.4204205274581909,0.755073606967926,0.44056159257888794,0.7720880508422852,0.4697779417037964,0.7840951085090637,0.4487394094467163,0.7945743799209595,0.4247939884662628,0.7927945256233215
yes,0.23888155817985535,1.0483206510543823,0.3109602630138397,0.9082845449447632,0.3495243191719055,0.7517492771148682,0.361223965883255,0.6239174008369446,0.36024537682533264,0.501355767250061,0.28545117378234863,0.7215819358825684,0.43189430236816406,0.8046750426292419,0.4027140140533447,0.8513675332069397,0.34987694025039673,0.8351014256477356,0.24582600593566895,0.7985885143280029,0.41045546531677246,0.8810603022575378,0.37144139409065247,0.9068069458007812,0.3234887719154358,0.8899526000022888,0.22157004475593567,0.8856590986251831,0.3756810128688812,0.9529153108596802,0.3442578613758087,0.9748272895812988,0.3046780526638031,0.9561260938644409,0.21613188087940216,0.9697086811065674,0.3360864818096161,1.0060396194458008,0.31487253308296204,1.0146175622940063,0.27283450961112976,1.0006974935531616
yes,0.7116461992263794,0.5996263027191162,0.6780487298965454,0.5117951035499573,0.6229822039604187,0.43505263328552246,0.591787576675415,0.3732229471206665,0.5905560851097107,0.3105621337890625,0.5669817328453064,0.4448891282081604,0.5091213583946228,0.5060939788818359,0.5320688486099243,0.5245177745819092,0.5555705428123474,0.5124595761299133,0.5646753907203674,0.4898556172847748,0.516348123550415,0.5565122961997986,0.5431352257728577,0.5677558183670044,0.5658707618713379,0.5519104599952698,0.5689008831977844,0.5430561304092407,0.5248766541481018,0.5942525267601013,0.5503942966461182,0.6035420298576355,0.5727694630622864,0.5863080024719238,0.5756049752235413,0.5967273116111755,0.5326271653175354,0.6311541795730591,0.5547016859054565,0.6367667317390442,0.5768890380859375,0.6251388788223267
yes,0.7541374564170837,0.6450760364532471,0.7250421047210693,0.5651391744613647,0.7227389812469482,0.46271657943725586,0.7383899092674255,0.39258503913879395,0.7583121657371521,0.3233030438423157,0.77702796459198,0.4782768487930298,0.681416928768158,0.5296909213066101,0.6800289154052734,0.5535874962806702,0.7076338529586792,0.5409666895866394,0.810177206993103,0.5392739772796631,0.6914255619049072,0.6071974635124207,0.7007974982261658,0.6110552549362183,0.7357280850410461,0.5847102403640747,0.8298927545547485,0.6074692010879517,0.7207480669021606,0.655698835849762,0.731824517250061,0.6504320502281189,0.7647057771682739,0.6284888982772827,0.8402724266052246,0.6719344258308411,0.7612409591674805,0.697576105594635,0.7658292055130005,0.6869856119155884,0.7915219664573669,0.6729657649993896
yes,0.7586236596107483,0.6351184248924255,0.7212216854095459,0.5504645705223083,0.7097064852714539,0.4514414668083191,0.713302731513977,0.3810459077358246,0.7226539254188538,0.3141325116157532,0.7799133658409119,0.4488798677921295,0.6890621185302734,0.49930286407470703,0.6882252097129822,0.5250583291053772,0.7151755690574646,0.513779878616333,0.812912106513977,0.5008178353309631,0.7032431364059448,0.5644991397857666,0.7096446752548218,0.5731118321418762,0.7398583292961121,0.5525660514831543,0.833401620388031,0.5616229772567749,0.7295264601707458,0.6090829372406006,0.7367386221885681,0.6110749244689941,0.7652305364608765,0.5941420197486877,0.8449021577835083,0.6219654083251953,0.7672286033630371,0.6483972072601318,0.7660474181175232,0.644866943359375,0.7862458825111389,0.6351402401924133
yes,0.5211248993873596,0.6044625043869019,0.4957634508609772,0.5345969796180725,0.45282861590385437,0.4780368506908417,0.42262977361679077,0.43233001232147217,0.41139310598373413,0.38690221309661865,0.38974931836128235,0.4963855743408203,0.3677107095718384,0.5498982667922974,0.388162225484848,0.5670554041862488,0.4108145534992218,0.5631764531135559,0.37729015946388245,0.5364493131637573,0.36561161279678345,0.587208092212677,0.3877185881137848,0.599091649055481,0.4098993241786957,0.5903642177581787,0.3773135840892792,0.5830520987510681,0.3691949248313904,0.622729480266571,0.3913983106613159,0.6318692564964294,0.41243839263916016,0.6217816472053528,0.3837149441242218,0.6284184455871582,0.38922882080078125,0.6686356663703918,0.41223302483558655,0.6741011142730713,0.42952364683151245,0.6645318865776062
yes,0.38713085651397705,0.589047908782959,0.38297605514526367,0.48993411660194397,0.35330966114997864,0.3998793065547943,0.33102402091026306,0.32744455337524414,0.32945168018341064,0.26306527853012085,0.2532542049884796,0.40938273072242737,0.2624641954898834,0.45057618618011475,0.2870436906814575,0.4739372134208679,0.30618736147880554,0.47826099395751953,0.22779187560081482,0.4616970121860504,0.24854205548763275,0.5016920566558838,0.27522099018096924,0.5181064605712891,0.2973443269729614,0.5176381468772888,0.2184843271970749,0.5223972797393799,0.23877298831939697,0.5508384704589844,0.26476025581359863,0.5639610290527344,0.2881169021129608,0.5639367699623108,0.2165665328502655,0.5822446942329407,0.23573580384254456,0.6101816892623901,0.2640252709388733,0.6186896562576294,0.285110205411911,0.6187642216682434
yes,0.3150624632835388,0.535405158996582,0.30901387333869934,0.4273528456687927,0.2691723108291626,0.3259749710559845,0.2362372875213623,0.23947225511074066,0.23200446367263794,0.1658233106136322,0.1579112410545349,0.33229273557662964,0.16272415220737457,0.373545378446579,0.19310343265533447,0.40579813718795776,0.21928779780864716,0.4160075783729553,0.12672843039035797,0.3962939381599426,0.14358718693256378,0.4392346739768982,0.17427217960357666,0.46185600757598877,0.20199152827262878,0.46426117420196533,0.1146991029381752,0.469713032245636,0.13168272376060486,0.5009098052978516,0.1621972918510437,0.5155438184738159,0.19108451902866364,0.5158939957618713,0.1109142154455185,0.5418230891227722,0.12497124820947647,0.5662813186645508,0.15788845717906952,0.5741268396377563,0.1837201863527298,0.5714969635009766
yes,0.6920739412307739,0.8490264415740967,0.682722806930542,0.7691563963890076,0.7108496427536011,0.6895850896835327,0.7384578585624695,0.636053740978241,0.7455016374588013,0.5851042866706848,0.7888332605361938,0.6921382546424866,0.7571554183959961,0.7131609320640564,0.7143486142158508,0.743306040763855,0.6894407868385315,0.7574331760406494,0.8163983821868896,0.741705596446991,0.7685745358467102,0.7682895064353943,0.7196513414382935,0.7870526909828186,0.6923174858093262,0.793790340423584,0.8280947804450989,0.7962126731872559,0.7801209688186646,0.823678195476532,0.7315617203712463,0.8309021592140198,0.703100860118866,0.8270206451416016,0.8283795118331909,0.8487828969955444,0.7998594045639038,0.867393434047699,0.7618893980979919,0.8743852972984314,0.739163875579834,0.8695515990257263
yes,0.7517908811569214,0.8822550177574158,0.7476927638053894,0.8046290874481201,0.7717414498329163,0.7205849885940552,0.7880333662033081,0.6669663190841675,0.7850751876831055,0.6240894198417664,0.8487249612808228,0.7376685738563538,0.8758965134620667,0.7280672192573547,0.8301917314529419,0.7459717988967896,0.7943278551101685,0.7604976892471313,0.8629612326622009,0.7918762564659119,0.8900598287582397,0.7842710614204407,0.8276997208595276,0.7994430661201477,0.7848070859909058,0.807154655456543,0.8693102598190308,0.8422799110412598,0.8908827900886536,0.8395825624465942,0.8310985565185547,0.8452677726745605,0.7905361652374268,0.8430315852165222,0.8709145188331604,0.8894630670547485,0.8862267136573792,0.8852971196174622,0.841779351234436,0.8841373324394226,0.8103992342948914,0.8744015097618103
yes,0.6650118231773376,0.8280758857727051,0.6377091407775879,0.7550172805786133,0.5965756773948669,0.7002465724945068,0.5665064454078674,0.6541828513145447,0.5577431917190552,0.6075353622436523,0.5400182604789734,0.7226871252059937,0.5074865221977234,0.7610310316085815,0.5263839960098267,0.7721555829048157,0.5453236699104309,0.7668413519859314,0.5380985140800476,0.772201657295227,0.5172114372253418,0.8034259080886841,0.5361751317977905,0.8086885213851929,0.5551009774208069,0.8021294474601746,0.5441921949386597,0.8231837749481201,0.5294360518455505,0.8415744304656982,0.547781765460968,0.8440663814544678,0.5669180154800415,0.8382375836372375,0.554107129573822,0.869754433631897,0.5426570177078247,0.876266360282898,0.5623983144760132,0.8762255907058716,0.5793538689613342,0.8714804649353027
yes,0.13862188160419464,0.7830615043640137,0.15261977910995483,0.7276801466941833,0.1745811253786087,0.6799077987670898,0.1860547810792923,0.6407339572906494,0.1882602870464325,0.6069718599319458,0.220808207988739,0.6898596286773682,0.24200022220611572,0.7148515582084656,0.23015081882476807,0.7250612378120422,0.21536926925182343,0.7228481769561768,0.2249014675617218,0.7207769751548767,0.2459353506565094,0.7426618933677673,0.23324841260910034,0.7507469654083252,0.2175990343093872,0.7483969330787659,0.2241770327091217,0.7551524043083191,0.2439979910850525,0.769923746585846,0.23104572296142578,0.7766777276992798,0.21566255390644073,0.7742822170257568,0.21964935958385468,0.7887299060821533,0.23913761973381042,0.7955015301704407,0.22593651711940765,0.7992196083068848,0.21162870526313782,0.7970207929611206
yes,0.20199015736579895,0.904121994972229,0.21539194881916046,0.8268912434577942,0.1993740350008011,0.7487874627113342,0.18471677601337433,0.6906780004501343,0.17999053001403809,0.6395047903060913,0.10406778752803802,0.7621885538101196,0.13591378927230835,0.7953381538391113,0.1744752675294876,0.8156794309616089,0.19452977180480957,0.8226543068885803,0.07832913845777512,0.8110538125038147,0.11765394359827042,0.8457347750663757,0.15978911519050598,0.8546644449234009,0.18219755589962006,0.8531365990638733,0.06864110380411148,0.8594645261764526,0.09854444861412048,0.8865275979042053,0.13800957798957825,0.8869925737380981,0.15900734066963196,0.8787760734558105,0.06817349046468735,0.9040582180023193,0.0732940286397934,0.91575026512146,0.10312934219837189,0.9165331125259399,0.12278487533330917,0.9110112190246582
yes,0.24696874618530273,0.9098159670829773,0.25101983547210693,0.8253438472747803,0.23367753624916077,0.7354899048805237,0.21898196637630463,0.6698814034461975,0.2101319581270218,0.6217103004455566,0.15446969866752625,0.7634047269821167,0.1529480516910553,0.7331480383872986,0.19654856622219086,0.7650066018104553,0.22368359565734863,0.7899267077445984,0.13149654865264893,0.8083779811859131,0.12970700860023499,0.7787556648254395,0.18458707630634308,0.8054926991462708,0.21686126291751862,0.8235805630683899,0.11663132905960083,0.8559952974319458,0.10997544229030609,0.826640784740448,0.16521421074867249,0.8421857357025146,0.1972845494747162,0.8564755916595459,0.10737773776054382,0.9066983461380005,0.09427782893180847,0.8748030662536621,0.135915145277977,0.8760333061218262,0.16388213634490967,0.8834038972854614
yes,0.15378445386886597,0.7348281145095825,0.1644083857536316,0.6650550961494446,0.1853080838918686,0.6024665236473083,0.19641698896884918,0.5492414832115173,0.19596925377845764,0.5041782855987549,0.23998336493968964,0.6014640927314758,0.2659567594528198,0.6270650029182434,0.25318536162376404,0.6437819600105286,0.2361093908548355,0.6445695757865906,0.251352995634079,0.6373938918113708,0.2766667604446411,0.6571764945983887,0.2623535990715027,0.6714857816696167,0.24276845157146454,0.6714231371879578,0.2570655047893524,0.6781381368637085,0.2806381583213806,0.6911192536354065,0.2657431364059448,0.7027150392532349,0.24588805437088013,0.7018790245056152,0.25669682025909424,0.7183998823165894,0.2781180143356323,0.7221189141273499,0.2626980245113373,0.7296987175941467,0.2443770170211792,0.7292500734329224
yes,0.3480363190174103,0.775834321975708,0.350178062915802,0.6927055716514587,0.37260860204696655,0.6254410147666931,0.3895089030265808,0.5729134678840637,0.39659443497657776,0.5278370380401611,0.4478963613510132,0.6540332436561584,0.4409535527229309,0.6667966246604919,0.4223725497722626,0.6753586530685425,0.4083842933177948,0.6785818934440613,0.46079087257385254,0.6967701315879822,0.4468129277229309,0.7066774964332581,0.43015533685684204,0.7117452621459961,0.41620326042175293,0.7167315483093262,0.46154356002807617,0.7392948865890503,0.44645822048187256,0.7434993982315063,0.4313795268535614,0.7468074560165405,0.41735154390335083,0.7494480013847351,0.45609351992607117,0.7777979373931885,0.4442063271999359,0.780595600605011,0.42896798253059387,0.7821463346481323,0.4165356755256653,0.7832934260368347
yes,0.39302077889442444,0.46279191970825195,0.4140862226486206,0.36692675948143005,0.45418334007263184,0.29367345571517944,0.4811709523200989,0.22607140243053436,0.49071335792541504,0.16099929809570312,0.5529472231864929,0.33027738332748413,0.5621983408927917,0.4002332389354706,0.5336325168609619,0.4101044535636902,0.509502649307251,0.398808091878891,0.5630156397819519,0.3878563642501831,0.5679458975791931,0.4531703591346741,0.5378236174583435,0.45494022965431213,0.5121951103210449,0.4410828948020935,0.5590750575065613,0.44915395975112915,0.5657185316085815,0.5012901425361633,0.5375176072120667,0.5016868114471436,0.5131069421768188,0.48651254177093506,0.5468612313270569,0.5083493590354919,0.5552772283554077,0.5486811995506287,0.5301088094711304,0.5470365881919861,0.5081874132156372,0.530529797077179
yes,0.28847870230674744,0.40453997254371643,0.3202787935733795,0.32154029607772827,0.3677414357662201,0.24844440817832947,0.3941776752471924,0.18272754549980164,0.4007001221179962,0.119625523686409,0.44283416867256165,0.263557106256485,0.487337589263916,0.3468635082244873,0.46451255679130554,0.3591097295284271,0.43784648180007935,0.3433101773262024,0.4431862235069275,0.31171947717666626,0.48447486758232117,0.38989242911338806,0.4589994549751282,0.39736035466194153,0.43295350670814514,0.3797072172164917,0.4341333210468292,0.36768046021461487,0.47591012716293335,0.4334976375102997,0.4494127333164215,0.437965452671051,0.42375215888023376,0.42022645473480225,0.41972795128822327,0.4242585003376007,0.4541485905647278,0.47088372707366943,0.4290708601474762,0.47040116786956787,0.4049718976020813,0.45247602462768555
yes,0.27065855264663696,0.5525987148284912,0.3275006115436554,0.4527730941772461,0.36006924510002136,0.34689855575561523,0.364964097738266,0.26659590005874634,0.3628707826137543,0.18940182030200958,0.33368706703186035,0.31960082054138184,0.42781829833984375,0.4028553366661072,0.4083572328090668,0.4334341585636139,0.38052207231521606,0.4190898835659027,0.30548176169395447,0.371692955493927,0.41072630882263184,0.45943745970726013,0.38290321826934814,0.4725619852542877,0.3526407480239868,0.45491552352905273,0.28190985321998596,0.4337683916091919,0.38188713788986206,0.5034997463226318,0.3601290285587311,0.5104941725730896,0.33447933197021484,0.4914644658565521,0.2666252851486206,0.49630749225616455,0.35053926706314087,0.5368435382843018,0.3408532440662384,0.5339336395263672,0.31538137793540955,0.5170716047286987
yes,0.7191693186759949,0.5657171010971069,0.7082211971282959,0.5242956876754761,0.7127496600151062,0.4733865559101105,0.7210580110549927,0.4391120672225952,0.7261589169502258,0.4111112654209137,0.7488346099853516,0.4629229009151459,0.7196164727210999,0.47431594133377075,0.7069300413131714,0.4957124590873718,0.702829897403717,0.5113202929496765,0.7653394937515259,0.4842442274093628,0.732624351978302,0.4969653785228729,0.7210077047348022,0.5139347910881042,0.7166975736618042,0.5253674983978271,0.776443600654602,0.5106891989707947,0.7475487589836121,0.5195148587226868,0.7358118295669556,0.5323116183280945,0.7309185266494751,0.5401134490966797,0.7842808365821838,0.5392834544181824,0.7678964138031006,0.539002537727356,0.7564674019813538,0.5466853380203247,0.7514908909797668,0.5533060431480408
yes,0.7035602331161499,0.5866512060165405,0.678798258304596,0.5596472024917603,0.6693906188011169,0.5110525488853455,0.6660745739936829,0.4753340184688568,0.6600947380065918,0.44386160373687744,0.7060214877128601,0.4911918044090271,0.6906710267066956,0.5259977579116821,0.6793913245201111,0.5525771379470825,0.6747031807899475,0.5666333436965942,0.7302504181861877,0.5041204690933228,0.7129020690917969,0.5433725714683533,0.7007444500923157,0.5612152814865112,0.6950792074203491,0.5674328804016113,0.7489176988601685,0.5243049263954163,0.7348554134368896,0.5574163794517517,0.7225804924964905,0.5705077052116394,0.7171322107315063,0.5710378289222717,0.7630831599235535,0.547376811504364,0.756729781627655,0.5661414861679077,0.7436838150024414,0.577278733253479,0.7362909913063049,0.5786024928092957
yes,0.7404583096504211,0.6263918876647949,0.7273797988891602,0.561076819896698,0.7313737869262695,0.5041164755821228,0.7443512678146362,0.4653837978839874,0.7594949007034302,0.4386729896068573,0.7548654675483704,0.49901822209358215,0.7061881422996521,0.5034341812133789,0.7080882787704468,0.5242746472358704,0.7230342030525208,0.5249818563461304,0.7639321684837341,0.524005115032196,0.708161473274231,0.5312861204147339,0.7148211002349854,0.545074462890625,0.7287279963493347,0.5456469655036926,0.7681746482849121,0.5525175929069519,0.7170480489730835,0.5552643537521362,0.722561776638031,0.5651658177375793,0.7367092967033386,0.5643734335899353,0.768272876739502,0.5816771984100342,0.7286025285720825,0.5776925086975098,0.7309285998344421,0.5839036703109741,0.7427353858947754,0.5862030386924744
yes,0.7258685231208801,0.6002711057662964,0.7032696604728699,0.5577547550201416,0.6750757694244385,0.5173088312149048,0.6608996391296387,0.48264503479003906,0.6582270264625549,0.45027124881744385,0.6356952786445618,0.5238779783248901,0.6062517762184143,0.5681836605072021,0.6183373928070068,0.5780990719795227,0.6308531165122986,0.5711422562599182,0.6347519159317017,0.5428149104118347,0.6074981689453125,0.595801591873169,0.6230300664901733,0.5991755723953247,0.6361299157142639,0.5861706137657166,0.6381804943084717,0.567346453666687,0.614518940448761,0.6155375838279724,0.6303557753562927,0.6165921688079834,0.6421340703964233,0.6030924320220947,0.6445371508598328,0.5933279991149902,0.629928469657898,0.6323710680007935,0.6449402570724487,0.6299508810043335,0.655336320400238,0.6156039834022522
yes,0.8471208810806274,0.4709726572036743,0.8291330337524414,0.41213542222976685,0.8330930471420288,0.33926746249198914,0.839555561542511,0.29207050800323486,0.8445788025856018,0.2499317079782486,0.899619460105896,0.32242557406425476,0.846775233745575,0.341345876455307,0.8222143650054932,0.3753492534160614,0.8172191381454468,0.39572396874427795,0.9244662523269653,0.3572946786880493,0.8600515127182007,0.3854173719882965,0.8365814685821533,0.4096045196056366,0.8345291018486023,0.4199126362800598,0.9374464154243469,0.40067461133003235,0.8796980381011963,0.422957181930542,0.8573411107063293,0.43819379806518555,0.8551594614982605,0.44254618883132935,0.9433377981185913,0.44607898592948914,0.9043831825256348,0.4576110541820526,0.8801588416099548,0.4664383828639984,0.8722037076950073,0.4693336486816406
yes,0.5903058052062988,0.6479228138923645,0.581924557685852,0.5838650465011597,0.5663756132125854,0.5267518758773804,0.5489213466644287,0.48477810621261597,0.527540922164917,0.46320778131484985,0.5036619901657104,0.5353554487228394,0.4871479570865631,0.5726989507675171,0.49906113743782043,0.5926211476325989,0.5123145580291748,0.5971801280975342,0.491079717874527,0.5660560727119446,0.4798520803451538,0.605636477470398,0.4925505220890045,0.6205858588218689,0.5068439245223999,0.6204836368560791,0.48677927255630493,0.6019555330276489,0.4764895439147949,0.6342222094535828,0.4897124171257019,0.6453920006752014,0.5047187209129333,0.643240749835968,0.4871920347213745,0.636756420135498,0.48093169927597046,0.6634960770606995,0.4959472417831421,0.6705762147903442,0.5101985335350037,0.666846513748169
yes,0.6113415956497192,0.6404150128364563,0.5947402119636536,0.5721089243888855,0.56988924741745,0.5204614400863647,0.5479207634925842,0.4782938063144684,0.5308047533035278,0.4506615698337555,0.516338050365448,0.5263375043869019,0.46240073442459106,0.5424379706382751,0.4723905622959137,0.5636740326881409,0.48763972520828247,0.5647212266921997,0.5107104182243347,0.560627818107605,0.45526525378227234,0.5760291218757629,0.46992266178131104,0.591589093208313,0.48957011103630066,0.5898881554603577,0.5115938782691956,0.5993658900260925,0.45950865745544434,0.6135559678077698,0.47572463750839233,0.6256417036056519,0.4953659772872925,0.623278021812439,0.5175988674163818,0.6374325752258301,0.4757173955440521,0.6496871113777161,0.48766928911209106,0.655654788017273,0.5046370029449463,0.650841474533081
yes,0.6211503744125366,0.63039630651474,0.6045362949371338,0.5643875598907471,0.5792114734649658,0.5124645829200745,0.563825249671936,0.46800535917282104,0.5654342174530029,0.4302467703819275,0.5301662683486938,0.517632782459259,0.4775153696537018,0.5367558598518372,0.4793243110179901,0.5585274696350098,0.4891229569911957,0.5626927614212036,0.525846540927887,0.5473076701164246,0.47078031301498413,0.5714889764785767,0.48262327909469604,0.5880111455917358,0.5001139640808105,0.58534175157547,0.5278106331825256,0.5819917917251587,0.474567174911499,0.6043978929519653,0.49077919125556946,0.6161963939666748,0.5091328024864197,0.6104495525360107,0.5342605113983154,0.6177756786346436,0.4928535223007202,0.6364520192146301,0.5068129897117615,0.6409818530082703,0.5239068865776062,0.6328580379486084
yes,0.6223500370979309,0.6323788166046143,0.6130315065383911,0.5724686980247498,0.5935737490653992,0.5165025591850281,0.5839577317237854,0.4715975224971771,0.5877224206924438,0.4346078038215637,0.541296124458313,0.5167861580848694,0.5196070671081543,0.5532552003860474,0.5351847410202026,0.5686361789703369,0.5529115200042725,0.5696561336517334,0.5294172763824463,0.5432014465332031,0.5155341029167175,0.5837519764900208,0.5313881635665894,0.5932137370109558,0.5478067398071289,0.5886669158935547,0.5241612792015076,0.5762086510658264,0.5134293437004089,0.6092336773872375,0.5286258459091187,0.6170874834060669,0.5438997149467468,0.6110048294067383,0.5211161971092224,0.6094996333122253,0.5144259929656982,0.6369973421096802,0.5311746597290039,0.641939640045166,0.5451621413230896,0.6348223090171814
yes,0.7353823781013489,0.7192354202270508,0.7234543561935425,0.6592280268669128,0.727651834487915,0.5929726958274841,0.728118896484375,0.5489554405212402,0.7158615589141846,0.5204213261604309,0.7868659496307373,0.5869211554527283,0.8052188158035278,0.5846874713897705,0.7745722532272339,0.6107474565505981,0.7484253644943237,0.6304638385772705,0.8068784475326538,0.6223111152648926,0.8232784867286682,0.6217146515846252,0.7824998497962952,0.6475709676742554,0.7528449892997742,0.6604081988334656,0.8211430311203003,0.6556153893470764,0.8341361880302429,0.6566503047943115,0.7945683002471924,0.6748998761177063,0.7660144567489624,0.6806007027626038,0.8306311964988708,0.6875416040420532,0.8446363806724548,0.6855766773223877,0.8153491020202637,0.6956049203872681,0.7916867136955261,0.6945257782936096
yes,0.5993307828903198,0.6796307563781738,0.5823906660079956,0.6169188022613525,0.5537498593330383,0.5596950650215149,0.5391572713851929,0.5138002038002014,0.5429971814155579,0.47520995140075684,0.5024934411048889,0.5706857442855835,0.47067126631736755,0.6077724695205688,0.4846203923225403,0.6216778755187988,0.5018975138664246,0.6190237998962402,0.496828556060791,0.6019050478935242,0.4710027873516083,0.6430141925811768,0.48690351843833923,0.6506389379501343,0.5039165019989014,0.6430405378341675,0.4970387816429138,0.6372936964035034,0.47440770268440247,0.6698615550994873,0.49014025926589966,0.6755368709564209,0.5060585141181946,0.6670138239860535,0.5002334713935852,0.6731598377227783,0.48082682490348816,0.6953431367874146,0.49734094738960266,0.698004961013794,0.5126698017120361,0.6903743147850037
yes,0.6933258771896362,0.8350282311439514,0.675403356552124,0.7741174101829529,0.6689194440841675,0.7101126909255981,0.6653693914413452,0.6661173701286316,0.6606229543685913,0.6307603716850281,0.7127253413200378,0.7130317687988281,0.6553334593772888,0.7208778262138367,0.6571447849273682,0.7377057075500488,0.6740290522575378,0.7373808026313782,0.7261679172515869,0.7466831803321838,0.6577293872833252,0.7618269324302673,0.6663540005683899,0.7706302404403687,0.6854474544525146,0.7657164335250854,0.7328017950057983,0.7859464287757874,0.6683846116065979,0.7961466908454895,0.6777723431587219,0.8004448413848877,0.69631028175354,0.7968164682388306,0.7345431447029114,0.8246702551841736,0.6852146983146667,0.8259886503219604,0.6897280216217041,0.825580358505249,0.7061601281166077,0.8226158618927002
yes,0.7091929912567139,0.8659424781799316,0.7002553939819336,0.7855470776557922,0.7080433368682861,0.7167902588844299,0.7244057655334473,0.6702892780303955,0.7466896772384644,0.6393857598304749,0.7313392758369446,0.716799259185791,0.6696382761001587,0.7165425419807434,0.674142062664032,0.7381653189659119,0.6925925016403198,0.7414701581001282,0.7365087270736694,0.7519110441207886,0.6663730144500732,0.7515632510185242,0.6774523258209229,0.7644570469856262,0.6953055262565613,0.7664902210235596,0.7365394830703735,0.7888052463531494,0.671856164932251,0.7832183837890625,0.6829087138175964,0.7917407155036926,0.7018438577651978,0.7927581071853638,0.7320162057876587,0.8249995112419128,0.6814911365509033,0.813775897026062,0.6901164054870605,0.8183094263076782,0.7083753943443298,0.8211333155632019
yes,0.1671396642923355,0.8796854615211487,0.19557896256446838,0.8118204474449158,0.2176266461610794,0.7499779462814331,0.24569617211818695,0.7013834714889526,0.27422356605529785,0.6614112257957458,0.1407344490289688,0.7307851910591125,0.2063746452331543,0.7467156648635864,0.2244490683078766,0.781277596950531,0.22256483137607574,0.8013632893562317,0.11823578178882599,0.7725798487663269,0.19763681292533875,0.7870848774909973,0.21252532303333282,0.8116861581802368,0.20620547235012054,0.8270381093025208,0.10709107667207718,0.8168964385986328,0.1812470555305481,0.8265393376350403,0.19267986714839935,0.8420947790145874,0.18169334530830383,0.8512397408485413,0.10339794307947159,0.8621534109115601,0.16041864454746246,0.8606794476509094,0.17343197762966156,0.8657656311988831,0.16568991541862488,0.8700645565986633
yes,0.21925896406173706,0.8525723218917847,0.23383669555187225,0.7852433323860168,0.2179584503173828,0.7167854905128479,0.19809691607952118,0.6687790751457214,0.17772255837917328,0.6255158185958862,0.17213387787342072,0.7151737809181213,0.23729553818702698,0.7335105538368225,0.25017598271369934,0.7648404836654663,0.238423690199852,0.780260443687439,0.1525145322084427,0.7550146579742432,0.23326298594474792,0.7742605209350586,0.2410803884267807,0.7986441850662231,0.22888989746570587,0.8134065270423889,0.1425890475511551,0.7981289625167847,0.21639634668827057,0.8134585022926331,0.22379592061042786,0.8288367986679077,0.21117214858531952,0.8345584869384766,0.1383521407842636,0.841896116733551,0.19314108788967133,0.8456229567527771,0.20462390780448914,0.8525993824005127,0.1964251548051834,0.8572267293930054
yes,0.19196124374866486,0.7567891478538513,0.2104378640651703,0.6836789846420288,0.2145201861858368,0.6127176880836487,0.21415075659751892,0.5589256882667542,0.20036670565605164,0.5209450125694275,0.11246813833713531,0.5950421094894409,0.15729504823684692,0.5981676578521729,0.19059859216213226,0.6392444968223572,0.20261108875274658,0.6656802892684937,0.08634046465158463,0.6349887847900391,0.1411755234003067,0.634696900844574,0.17805716395378113,0.6721227169036865,0.19450274109840393,0.6958995461463928,0.072233185172081,0.68068528175354,0.11784054338932037,0.672385036945343,0.15550917387008667,0.699767529964447,0.174103245139122,0.7172725200653076,0.06675843149423599,0.7295427322387695,0.08261463046073914,0.7103847861289978,0.11300583183765411,0.7162172198295593,0.1339946687221527,0.7221583724021912
yes,0.18661606311798096,0.6410067677497864,0.19430166482925415,0.5747349858283997,0.21878871321678162,0.5188987255096436,0.23771241307258606,0.47307220101356506,0.2436283826828003,0.43140149116516113,0.27608662843704224,0.5198749303817749,0.2917950749397278,0.5551167726516724,0.2761342525482178,0.568804144859314,0.2601121962070465,0.5665494203567505,0.28788018226623535,0.5542388558387756,0.3012979030609131,0.5858141779899597,0.28363004326820374,0.5966231822967529,0.26603949069976807,0.5929213762283325,0.2930300235748291,0.5942485332489014,0.3037652373313904,0.6163610816001892,0.2863130569458008,0.6261960864067078,0.2693246901035309,0.6227326989173889,0.29206734895706177,0.6341798305511475,0.3070516884326935,0.643582284450531,0.29203611612319946,0.651741623878479,0.27699217200279236,0.651279866695404
yes,0.13113942742347717,0.5037252902984619,0.15069568157196045,0.4301140606403351,0.18486541509628296,0.3623810410499573,0.2037840634584427,0.30498701333999634,0.2073395699262619,0.25437819957733154,0.24405977129936218,0.3674796521663666,0.2880629301071167,0.42383646965026855,0.2714003622531891,0.43920791149139404,0.24895299971103668,0.43212613463401794,0.2480883002281189,0.40591347217559814,0.29103904962539673,0.45804640650749207,0.2716470956802368,0.47047296166419983,0.24825911223888397,0.4604020118713379,0.24643731117248535,0.4517652988433838,0.2872112989425659,0.4910830557346344,0.2674020230770111,0.5012152791023254,0.2446863055229187,0.49197348952293396,0.24038520455360413,0.4982607364654541,0.2783363461494446,0.5215051174163818,0.26147234439849854,0.5275092124938965,0.24090184271335602,0.5204061269760132
yes,0.17886866629123688,0.5895183682441711,0.21460872888565063,0.5373800992965698,0.24043715000152588,0.46248820424079895,0.25728505849838257,0.4107261300086975,0.2774242162704468,0.37955331802368164,0.17719274759292603,0.4197734594345093,0.1801023781299591,0.40748509764671326,0.1946268379688263,0.46160003542900085,0.20577403903007507,0.49859195947647095,0.14144915342330933,0.4352955222129822,0.14164620637893677,0.42396289110183716,0.16660068929195404,0.48588472604751587,0.1834733933210373,0.5218945145606995,0.11186500638723373,0.45757925510406494,0.10911551862955093,0.45030149817466736,0.14011207222938538,0.501174807548523,0.160658597946167,0.5287083983421326,0.0852123275399208,0.48507022857666016,0.0750177726149559,0.46565335988998413,0.09855180233716965,0.49848297238349915,0.11638792604207993,0.5191035270690918
yes,0.21928371489048004,0.9263681769371033,0.24877741932868958,0.8650153279304504,0.2518688440322876,0.7866586446762085,0.250800758600235,0.7282994985580444,0.2558933198451996,0.6782495379447937,0.17454193532466888,0.7666126489639282,0.19908607006072998,0.8079034090042114,0.2253650277853012,0.8440951108932495,0.23526106774806976,0.8568599224090576,0.13946597278118134,0.7994382977485657,0.1721809357404709,0.8490302562713623,0.20300611853599548,0.8759608268737793,0.2142360657453537,0.8791274428367615,0.11930491030216217,0.8399262428283691,0.1444394737482071,0.8796406388282776,0.17594580352306366,0.8980844616889954,0.1890350729227066,0.8939167261123657,0.10758261382579803,0.883179783821106,0.11439263075590134,0.9022679924964905,0.1415988802909851,0.9136391282081604,0.1573144495487213,0.9119676947593689
yes,0.35938432812690735,0.8523427248001099,0.35767433047294617,0.7751356959342957,0.37571993470191956,0.7135939002037048,0.39325881004333496,0.6615167260169983,0.40098482370376587,0.6164476871490479,0.4484800398349762,0.7408864498138428,0.4303319752216339,0.7327250838279724,0.4118187427520752,0.7427090406417847,0.4011290371417999,0.7538925409317017,0.4614715278148651,0.781387448310852,0.4403986632823944,0.7670453786849976,0.4263606071472168,0.7714658379554749,0.41695624589920044,0.7852228283882141,0.46026718616485596,0.8193197250366211,0.4424247741699219,0.7990919947624207,0.4301328957080841,0.8021373748779297,0.4191194176673889,0.8140517473220825,0.4536035358905792,0.8516038656234741,0.44241201877593994,0.8331689238548279,0.4309706687927246,0.834857165813446,0.4211459755897522,0.8438147306442261
stop,0.1607894003391266,0.8081544041633606,0.24306261539459229,0.7682000398635864,0.30022019147872925,0.6809415221214294,0.3397321105003357,0.5981776714324951,0.3771923780441284,0.5461673140525818,0.27081605792045593,0.5493698120117188,0.28979337215423584,0.44521212577819824,0.2960096299648285,0.38175034523010254,0.30016040802001953,0.3237769901752472,0.23101581633090973,0.5342431664466858,0.25053858757019043,0.419760525226593,0.2601768970489502,0.3466811776161194,0.26715365052223206,0.28223976492881775,0.18999813497066498,0.5414482355117798,0.2063722312450409,0.43239670991897583,0.21796827018260956,0.36728036403656006,0.22715428471565247,0.3085119426250458,0.14330241084098816,0.5652544498443604,0.1531958281993866,0.4813814163208008,0.1632065773010254,0.4264644980430603,0.17266829311847687,0.3724430203437805
stop,0.12999069690704346,0.8613089919090271,0.21404248476028442,0.8056598901748657,0.2694965600967407,0.6922288537025452,0.29781290888786316,0.5869423747062683,0.3177679777145386,0.5034559369087219,0.246468186378479,0.5511781573295593,0.2670785188674927,0.4343233108520508,0.27032217383384705,0.36414438486099243,0.2683819830417633,0.2990441620349884,0.2009343057870865,0.5360389351844788,0.2208406925201416,0.40473002195358276,0.2289568930864334,0.31924882531166077,0.23233532905578613,0.24364009499549866,0.1543790102005005,0.5465279817581177,0.17038466036319733,0.4201509952545166,0.1816425323486328,0.34268930554389954,0.18941843509674072,0.273672878742218,0.10339929163455963,0.5770073533058167,0.11204563826322556,0.4806060194969177,0.12273608893156052,0.4154227077960968,0.13411173224449158,0.3525484800338745
stop,0.1575803905725479,0.8970721960067749,0.19977512955665588,0.8654733300209045,0.2254018634557724,0.8132036924362183,0.23469135165214539,0.7591373324394226,0.241176038980484,0.7137686014175415,0.21308083832263947,0.7427739500999451,0.21880796551704407,0.6829628348350525,0.217745840549469,0.6461375951766968,0.2161072939634323,0.6132535338401794,0.18906041979789734,0.7375186681747437,0.19396592676639557,0.6727286577224731,0.19438530504703522,0.6306544542312622,0.19441713392734528,0.5953137874603271,0.1658473163843155,0.7443634867668152,0.16892102360725403,0.6845899820327759,0.1716277301311493,0.647354006767273,0.17403677105903625,0.6163442134857178,0.1420166790485382,0.7607471346855164,0.1449398547410965,0.7154272198677063,0.14859646558761597,0.6847924590110779,0.1524505913257599,0.6561118960380554
stop,0.14889077842235565,0.8883084058761597,0.19301477074623108,0.862554669380188,0.22742518782615662,0.8109474182128906,0.25430479645729065,0.7652445435523987,0.2777891159057617,0.7367331981658936,0.21225856244564056,0.7374981641769409,0.22806057333946228,0.6756168007850647,0.23433946073055267,0.6370475888252258,0.23880088329315186,0.6030769944190979,0.18454936146736145,0.7263683080673218,0.19217656552791595,0.6596071720123291,0.1953134834766388,0.6168241500854492,0.19661684334278107,0.5814070105552673,0.15699855983257294,0.7313302755355835,0.15363219380378723,0.669607400894165,0.15206141769886017,0.6314436197280884,0.1513107717037201,0.599795937538147,0.12970730662345886,0.7486200332641602,0.1189805194735527,0.7065086960792542,0.11243070662021637,0.6772816181182861,0.10796744376420975,0.6496455073356628
stop,0.1947905719280243,0.955117404460907,0.29815080761909485,0.8857172727584839,0.3708534836769104,0.7370392680168152,0.41875118017196655,0.6060929894447327,0.47333016991615295,0.5224802494049072,0.3392755687236786,0.550891101360321,0.3566192090511322,0.39827126264572144,0.35754328966140747,0.3024149239063263,0.3544614911079407,0.2108427882194519,0.2808801829814911,0.5338027477264404,0.296428382396698,0.36043792963027954,0.30120018124580383,0.24624252319335938,0.3019199073314667,0.14066511392593384,0.22269248962402344,0.5533366799354553,0.23605114221572876,0.3837953209877014,0.24539442360401154,0.27878502011299133,0.251629114151001,0.17981186509132385,0.15941932797431946,0.598897397518158,0.1648339182138443,0.46886998414993286,0.17542994022369385,0.3795110285282135,0.1873568445444107,0.2906007170677185
stop,0.20453347265720367,0.8868108987808228,0.31071609258651733,0.8283615112304688,0.384330689907074,0.6967500448226929,0.4137383699417114,0.5769895911216736,0.39347273111343384,0.494525671005249,0.33745530247688293,0.523375928401947,0.35224562883377075,0.3798525929450989,0.35376837849617004,0.2920166552066803,0.35208964347839355,0.21078234910964966,0.28082334995269775,0.5047451853752136,0.2936990261077881,0.342563271522522,0.2988934814929962,0.23476532101631165,0.30092424154281616,0.14101475477218628,0.22426733374595642,0.5194635987281799,0.23691770434379578,0.36369797587394714,0.24713894724845886,0.2637169361114502,0.255079448223114,0.17469680309295654,0.16388192772865295,0.5588371157646179,0.17187373340129852,0.4358912706375122,0.18242523074150085,0.3521312177181244,0.19463136792182922,0.27170950174331665
stop,0.20979472994804382,0.8823480606079102,0.3140675127506256,0.8227242827415466,0.4043425917625427,0.706660807132721,0.47216129302978516,0.614657461643219,0.534225583076477,0.5794029831886292,0.3386327922344208,0.5083742141723633,0.3522283434867859,0.3688530921936035,0.35016828775405884,0.28444090485572815,0.3456125557422638,0.20561861991882324,0.28230223059654236,0.4925811290740967,0.2941879332065582,0.3330533504486084,0.29704681038856506,0.23294392228126526,0.2955944538116455,0.1443144679069519,0.22770273685455322,0.5084017515182495,0.2343047857284546,0.3550507426261902,0.24123409390449524,0.26452314853668213,0.24496108293533325,0.18100181221961975,0.16829942166805267,0.5491077899932861,0.17177607119083405,0.4287227392196655,0.1797894984483719,0.3523563742637634,0.18828947842121124,0.27693212032318115
stop,0.2717828154563904,0.7581291198730469,0.3511546850204468,0.708445131778717,0.42330053448677063,0.6433700323104858,0.4921131730079651,0.6115410923957825,0.5510076284408569,0.60846346616745,0.35781335830688477,0.48308026790618896,0.35726213455200195,0.3771175444126129,0.3499946594238281,0.31671762466430664,0.3431805372238159,0.2608506977558136,0.31444281339645386,0.47315385937690735,0.31192946434020996,0.35423141717910767,0.3060832917690277,0.28037935495376587,0.2992706298828125,0.21841785311698914,0.27318745851516724,0.4871881902217865,0.2709457278251648,0.37330180406570435,0.26962265372276306,0.30620408058166504,0.26697367429733276,0.24438577890396118,0.23098066449165344,0.5201547145843506,0.2303391844034195,0.42909130454063416,0.23196829855442047,0.3732265830039978,0.23413008451461792,0.31786686182022095
stop,0.6677703857421875,0.8478512763977051,0.5905910730361938,0.8140957951545715,0.5293803215026855,0.725649893283844,0.49472495913505554,0.6369648575782776,0.4548318386077881,0.57996666431427,0.5592114925384521,0.5880215764045715,0.5395615696907043,0.47653138637542725,0.5300390720367432,0.40809470415115356,0.5235029458999634,0.34596070647239685,0.6095601320266724,0.5707136988639832,0.5941459536552429,0.44703012704849243,0.586219310760498,0.368831992149353,0.5785130262374878,0.30014634132385254,0.6590021848678589,0.580497682094574,0.6537368893623352,0.4640280306339264,0.6488622426986694,0.38873040676116943,0.6418149471282959,0.31947454810142517,0.7090510129928589,0.6107752323150635,0.7300345301628113,0.5247405767440796,0.7448114156723022,0.4648687243461609,0.7557514905929565,0.40745726227760315
stop,0.7339588403701782,0.872382402420044,0.6803737282752991,0.8498543500900269,0.6374434232711792,0.792737603187561,0.6068034768104553,0.7392677664756775,0.573686957359314,0.713795006275177,0.6516422033309937,0.6979161500930786,0.6386178731918335,0.6245400905609131,0.6351075172424316,0.5803312063217163,0.634535014629364,0.5397879481315613,0.6820001006126404,0.6847235560417175,0.6676679849624634,0.6034207940101624,0.6604067087173462,0.553715705871582,0.6541240811347961,0.5101928114891052,0.713065505027771,0.6882737874984741,0.7005236744880676,0.6115550398826599,0.6913644671440125,0.5651689767837524,0.68272465467453,0.5244725942611694,0.7467004656791687,0.7043337821960449,0.7426197528839111,0.6460675001144409,0.7385032773017883,0.6079695224761963,0.7333348989486694,0.5727683305740356
stop,0.7494760751724243,0.8666797280311584,0.7010676860809326,0.8454945683479309,0.6553601026535034,0.8074942827224731,0.6162103414535522,0.7833439111709595,0.581591784954071,0.7823928594589233,0.6712159514427185,0.7008547186851501,0.6591104865074158,0.6280501484870911,0.6549859642982483,0.5834476351737976,0.6527334451675415,0.5447658896446228,0.7006648182868958,0.6890420317649841,0.6883070468902588,0.6073134541511536,0.682008683681488,0.5571308732032776,0.6759670376777649,0.5143718123435974,0.7319871783256531,0.6918680667877197,0.7206519246101379,0.6165857315063477,0.7123078107833862,0.5712786912918091,0.7032747268676758,0.5328788757324219,0.7653958201408386,0.7065421938896179,0.7645668387413025,0.6483088731765747,0.761689305305481,0.6102522611618042,0.7569978833198547,0.5767649412155151
stop,0.740516185760498,0.8543566465377808,0.6915194392204285,0.8309043645858765,0.646314799785614,0.7815951704978943,0.6120747923851013,0.7513173222541809,0.5806031823158264,0.7394106388092041,0.6631706953048706,0.6876823902130127,0.6537817120552063,0.6235266923904419,0.650305449962616,0.5842586159706116,0.6482709050178528,0.5477098226547241,0.6820113062858582,0.6792201995849609,0.6718205213546753,0.6054585576057434,0.6656621694564819,0.5573606491088867,0.6603882908821106,0.5141415596008301,0.704317569732666,0.6862860321998596,0.6944721937179565,0.6132440567016602,0.6874101161956787,0.5660001039505005,0.6800824999809265,0.5241675972938538,0.7280722260475159,0.7058484554290771,0.7150840163230896,0.64546138048172,0.7053400278091431,0.6056318283081055,0.6960141658782959,0.5695101022720337
stop,0.821633517742157,0.8282649517059326,0.7679914832115173,0.8269119262695312,0.712192177772522,0.8102113008499146,0.6688365936279297,0.8072252869606018,0.6368631720542908,0.8260384202003479,0.6895852088928223,0.7045701742172241,0.654452383518219,0.642195463180542,0.6368947625160217,0.6006761789321899,0.6228757500648499,0.5628386735916138,0.7112786769866943,0.6771617531776428,0.6741515398025513,0.6068894863128662,0.6542293429374695,0.5614916682243347,0.6365033388137817,0.5210887789726257,0.7404444217681885,0.6638467311859131,0.7049850821495056,0.5974653363227844,0.6849359273910522,0.558544397354126,0.666010856628418,0.5247161984443665,0.7760640978813171,0.6609383821487427,0.7531523704528809,0.6090145707130432,0.7361065149307251,0.5763342380523682,0.7186171412467957,0.5476595163345337
stop,0.6684761047363281,0.8712952136993408,0.5765793919563293,0.8360470533370972,0.4945131838321686,0.7563682198524475,0.42347460985183716,0.6974046230316162,0.3579654097557068,0.6820446252822876,0.5290461778640747,0.5693538188934326,0.5132075548171997,0.4408765435218811,0.5124498605728149,0.36212146282196045,0.5158144235610962,0.2930043935775757,0.5819047689437866,0.548062801361084,0.5690577626228333,0.40210914611816406,0.5654433965682983,0.3152617812156677,0.5626641511917114,0.24014630913734436,0.6366478204727173,0.5552144646644592,0.6254825592041016,0.4164683520793915,0.6166399121284485,0.3331659138202667,0.60709547996521,0.2594117224216461,0.6931958198547363,0.5849034786224365,0.6940110921859741,0.4792432188987732,0.6906327605247498,0.40818530321121216,0.6846883296966553,0.3437434732913971
stop,0.7483716607093811,0.8585571050643921,0.6777152419090271,0.8479578495025635,0.6010221838951111,0.8003444075584412,0.5404438972473145,0.767896294593811,0.4889916181564331,0.7693347930908203,0.5967925786972046,0.660457968711853,0.5498867034912109,0.5774614214897156,0.5218126177787781,0.5244538187980652,0.49820655584335327,0.4746793210506439,0.6347524523735046,0.6261997818946838,0.5932906866073608,0.5255469679832458,0.5679979920387268,0.4604886770248413,0.5445362329483032,0.4038064181804657,0.6794344782829285,0.6156709790229797,0.6478244662284851,0.5178365707397461,0.626035213470459,0.45895451307296753,0.6034195423126221,0.40637239813804626,0.7275256514549255,0.6230867505073547,0.7226386070251465,0.5427436232566833,0.7189263105392456,0.48711544275283813,0.7127941250801086,0.43381381034851074
stop,0.7496387362480164,0.8531562089920044,0.6794817447662354,0.8398282527923584,0.6052480936050415,0.7900649309158325,0.5450586080551147,0.7552407383918762,0.4930254817008972,0.7549955248832703,0.5992088317871094,0.6492397785186768,0.556471586227417,0.5603700280189514,0.533909022808075,0.5040581822395325,0.5160007476806641,0.4506281614303589,0.6364442706108093,0.6199378371238708,0.5898533463478088,0.5218269228935242,0.5618352890014648,0.4598517417907715,0.5359587669372559,0.4042019844055176,0.6815633177757263,0.6108477711677551,0.6448508501052856,0.513118326663971,0.6203551292419434,0.45529282093048096,0.5955992937088013,0.4032042622566223,0.7321314215660095,0.6173111796379089,0.7253104448318481,0.5360470414161682,0.7204259037971497,0.4803905487060547,0.712662398815155,0.42711445689201355
stop,0.762938916683197,0.865681529045105,0.6894551515579224,0.8259751796722412,0.6415294408798218,0.7381442189216614,0.6202903389930725,0.653509259223938,0.5892903804779053,0.5908367037773132,0.6574706435203552,0.6155510544776917,0.6419885158538818,0.5175339579582214,0.6404367089271545,0.4599052965641022,0.6426296234130859,0.40391334891319275,0.6992183327674866,0.6002810597419739,0.6830321550369263,0.49027588963508606,0.6775453686714172,0.4251853823661804,0.6726440191268921,0.3620648980140686,0.7389020919799805,0.6091166138648987,0.7260715961456299,0.5059505701065063,0.7169471383094788,0.44332894682884216,0.7090464234352112,0.385244220495224,0.7829807996749878,0.6345154047012329,0.7742618322372437,0.5569807887077332,0.7683287858963013,0.5062030553817749,0.761278510093689,0.45680177211761475
stop,0.7139636278152466,0.8417434096336365,0.6488685011863708,0.805360734462738,0.6063382625579834,0.7240695357322693,0.5887889862060547,0.6518197059631348,0.5699805021286011,0.5945830345153809,0.6240763664245605,0.6200889348983765,0.6135675311088562,0.5332332849502563,0.611916184425354,0.48158806562423706,0.6126177906990051,0.4339146614074707,0.6539774537086487,0.6072258949279785,0.641386091709137,0.5088093280792236,0.6380522847175598,0.44867420196533203,0.6356843709945679,0.3934875428676605,0.6846089959144592,0.6150315403938293,0.6738522052764893,0.5200786590576172,0.6690072417259216,0.4609740674495697,0.6643896698951721,0.4077815115451813,0.719744086265564,0.6383013725280762,0.7105734348297119,0.5639458894729614,0.7041806578636169,0.5149968266487122,0.6967300176620483,0.46938347816467285
stop,0.8499659895896912,0.8045436143875122,0.798204243183136,0.7628442049026489,0.7734012007713318,0.684307873249054,0.7735485434532166,0.6106969714164734,0.7594331502914429,0.5536693930625916,0.7747297286987305,0.578994631767273,0.7598944902420044,0.4964745342731476,0.7553688287734985,0.4474882483482361,0.7525976896286011,0.4019869565963745,0.8086086511611938,0.5665919184684753,0.7914376854896545,0.4749111533164978,0.7825973629951477,0.42028677463531494,0.7745146155357361,0.3699274957180023,0.8394293785095215,0.5737724900245667,0.8262382745742798,0.4894481301307678,0.8170101642608643,0.43871474266052246,0.8084923624992371,0.39536744356155396,0.875349223613739,0.5950289368629456,0.8685686588287354,0.5324762463569641,0.8602661490440369,0.4919779896736145,0.8503170609474182,0.4545605778694153
stop,0.19417804479599,0.8269681930541992,0.2342369556427002,0.7969130277633667,0.2522973418235779,0.7313500046730042,0.2561562657356262,0.6798686981201172,0.25850844383239746,0.6408275365829468,0.2355412095785141,0.6732678413391113,0.24584007263183594,0.6139059066772461,0.25126275420188904,0.5777603387832642,0.2535971403121948,0.5453036427497864,0.2171066403388977,0.6679402589797974,0.22833678126335144,0.6020771861076355,0.23472438752651215,0.5601766109466553,0.2387576550245285,0.5225090980529785,0.19796232879161835,0.6734755039215088,0.20821557939052582,0.6091822981834412,0.21451041102409363,0.5687775015830994,0.21888740360736847,0.5328068137168884,0.1766672432422638,0.6874545812606812,0.18352852761745453,0.6379532814025879,0.1887342780828476,0.6036964058876038,0.1936623454093933,0.5704827308654785
stop,0.07949738204479218,0.8373537659645081,0.1497662365436554,0.775962233543396,0.18944627046585083,0.6601940393447876,0.20861925184726715,0.5567523837089539,0.23012354969978333,0.48189637064933777,0.18020665645599365,0.5451762676239014,0.19435349106788635,0.4342396855354309,0.1942042112350464,0.36601966619491577,0.19233202934265137,0.3020530939102173,0.13959214091300964,0.5346150994300842,0.15276601910591125,0.41516929864883423,0.15520888566970825,0.3378369212150574,0.15612663328647614,0.27062496542930603,0.09876301884651184,0.5463530421257019,0.10808148235082626,0.43555647134780884,0.11570857465267181,0.3679848909378052,0.1214120090007782,0.3113041818141937,0.05756961554288864,0.5740821957588196,0.060708027333021164,0.48825711011886597,0.06655962765216827,0.4317014515399933,0.07420070469379425,0.3784641623497009
stop,0.12397546321153641,0.812939465045929,0.20687143504619598,0.7672486305236816,0.2712439298629761,0.6738996505737305,0.3189019560813904,0.5969168543815613,0.36199480295181274,0.5575383305549622,0.21457332372665405,0.534538745880127,0.21817266941070557,0.42772501707077026,0.21415814757347107,0.36272430419921875,0.21052755415439606,0.30221566557884216,0.1689806878566742,0.5238121151924133,0.17190268635749817,0.40500736236572266,0.17233209311962128,0.33184248208999634,0.17269626259803772,0.2667666971683502,0.12580817937850952,0.5367995500564575,0.12541773915290833,0.4254191517829895,0.12929843366146088,0.360110342502594,0.1335000842809677,0.30031490325927734,0.07977939397096634,0.567937433719635,0.07971202582120895,0.4811307489871979,0.08330938965082169,0.4273029565811157,0.08794894069433212,0.3752482235431671
stop,0.20573164522647858,0.8423006534576416,0.25042200088500977,0.8107949495315552,0.2805132269859314,0.749542236328125,0.3017636835575104,0.6968342661857605,0.31551289558410645,0.654133141040802,0.2523672580718994,0.6755320429801941,0.26164382696151733,0.6120233535766602,0.26547229290008545,0.5741651654243469,0.2671567499637604,0.5392773151397705,0.23175840079784393,0.6687357425689697,0.2406764030456543,0.5975989103317261,0.24542517960071564,0.5523172616958618,0.24826020002365112,0.5115119814872742,0.21080012619495392,0.6751288771629333,0.21906867623329163,0.6051610708236694,0.22523443400859833,0.5619333982467651,0.2297888547182083,0.5231184363365173,0.18768687546253204,0.6915838122367859,0.19376826286315918,0.6385809779167175,0.19949840009212494,0.6020075678825378,0.2048713117837906,0.566372275352478
stop,0.2100040763616562,0.8380597829818726,0.25144481658935547,0.8000873327255249,0.2692471444606781,0.7294601798057556,0.2774384915828705,0.6778786778450012,0.28659123182296753,0.6382445096969604,0.2549739181995392,0.6748262047767639,0.267086923122406,0.6142849922180176,0.2733466625213623,0.5769515633583069,0.2756994366645813,0.542594313621521,0.2380622774362564,0.668528139591217,0.25086891651153564,0.5993431210517883,0.25790128111839294,0.5544962286949158,0.2618042528629303,0.5130398273468018,0.21975667774677277,0.6740567088127136,0.2321477085351944,0.6041178107261658,0.24046280980110168,0.5613117814064026,0.24610601365566254,0.5224586725234985,0.19953402876853943,0.6882773637771606,0.20901857316493988,0.6355476379394531,0.2170598953962326,0.598864734172821,0.2248133271932602,0.5636376142501831
stop,0.11554215848445892,0.8757316470146179,0.1824423372745514,0.8081533312797546,0.2111731469631195,0.6931459307670593,0.22375154495239258,0.5963373780250549,0.24417896568775177,0.52899169921875,0.19085508584976196,0.5949880480766296,0.1998118907213211,0.4950742721557617,0.19782434403896332,0.43120330572128296,0.19329160451889038,0.3703167736530304,0.151981383562088,0.5889372229576111,0.15813583135604858,0.4790767431259155,0.15750166773796082,0.4056748151779175,0.1556989699602127,0.3368391990661621,0.1143113225698471,0.6052572131156921,0.11718004941940308,0.49827203154563904,0.11980289220809937,0.4329448938369751,0.12165133655071259,0.3734249472618103,0.07512086629867554,0.6378871202468872,0.07246218621730804,0.556230366230011,0.07480287551879883,0.5008934736251831,0.07922717928886414,0.4457892179489136
stop,0.15633846819400787,0.8481147885322571,0.22711913287639618,0.8034940958023071,0.2816424071788788,0.7162059545516968,0.3294343054294586,0.6513736248016357,0.37299105525016785,0.619678258895874,0.24850265681743622,0.6016241908073425,0.2567131817340851,0.5061016082763672,0.2561218738555908,0.4488523602485657,0.2553631067276001,0.3962475061416626,0.2102968394756317,0.5923469066619873,0.21845756471157074,0.48664525151252747,0.22128340601921082,0.42183148860931396,0.22263944149017334,0.3633921444416046,0.1716240495443344,0.6030498147010803,0.17736944556236267,0.5024534463882446,0.182521253824234,0.4438289403915405,0.18704558908939362,0.3895915448665619,0.12916584312915802,0.6287056803703308,0.13192489743232727,0.5520033240318298,0.13638177514076233,0.5031933784484863,0.14113697409629822,0.4556244909763336
stop,0.15185119211673737,0.8476554155349731,0.21906684339046478,0.811233639717102,0.27716466784477234,0.7348061203956604,0.3287610411643982,0.6757966876029968,0.37278997898101807,0.6433248519897461,0.2506650686264038,0.6153675317764282,0.28119850158691406,0.5294740796089172,0.29512277245521545,0.47426149249076843,0.3063315749168396,0.42276960611343384,0.20822326838970184,0.5981658101081848,0.22116126120090485,0.4971367120742798,0.22873438894748688,0.4332796633243561,0.23376962542533875,0.37648874521255493,0.1666828989982605,0.6067846417427063,0.1679391711950302,0.5119069814682007,0.17207157611846924,0.44908714294433594,0.1768665462732315,0.3904041051864624,0.1256842315196991,0.6342201828956604,0.11692196130752563,0.5635547637939453,0.11242017149925232,0.5137820243835449,0.11073245853185654,0.46375077962875366
stop,0.17088940739631653,0.6241591572761536,0.24454852938652039,0.5729725956916809,0.3004245460033417,0.47851359844207764,0.34977489709854126,0.4030032753944397,0.39391446113586426,0.3595511317253113,0.2631946802139282,0.35448434948921204,0.2695324718952179,0.2477361410856247,0.2675638794898987,0.1821359544992447,0.26600179076194763,0.12178027629852295,0.22038380801677704,0.34232527017593384,0.22429601848125458,0.22272884845733643,0.22521594166755676,0.1467801034450531,0.2255527675151825,0.07842174172401428,0.1783900409936905,0.35344594717025757,0.178163081407547,0.24251052737236023,0.18133533000946045,0.1748448610305786,0.18432025611400604,0.11247137188911438,0.13352108001708984,0.3809409439563751,0.1317526400089264,0.2951064109802246,0.13467565178871155,0.23957380652427673,0.1385887861251831,0.18528629839420319
stop,0.18591071665287018,0.6115496158599854,0.2484196573495865,0.5559819936752319,0.28574138879776,0.4650026559829712,0.31888052821159363,0.40534138679504395,0.3471778929233551,0.36344146728515625,0.23459069430828094,0.35187074542045593,0.24922989308834076,0.2597067654132843,0.25589078664779663,0.2019159495830536,0.25846239924430847,0.14978663623332977,0.2122926414012909,0.3429873287677765,0.22534194588661194,0.2332545518875122,0.23303571343421936,0.16178402304649353,0.23655042052268982,0.09956088662147522,0.18827639520168304,0.3526695668697357,0.19980177283287048,0.2454221397638321,0.20906156301498413,0.17768004536628723,0.21387195587158203,0.11879071593284607,0.16429820656776428,0.3753582537174225,0.1768476963043213,0.28775715827941895,0.18829019367694855,0.23150219023227692,0.19862602651119232,0.17963634431362152
stop,0.045366961508989334,0.5629853010177612,0.09481162577867508,0.4835960865020752,0.12444182485342026,0.3910452723503113,0.13034485280513763,0.3007563352584839,0.1279630959033966,0.22171181440353394,0.1757078915834427,0.34776392579078674,0.19015613198280334,0.2505345940589905,0.19427688419818878,0.18595418334007263,0.19583359360694885,0.13573171198368073,0.13720759749412537,0.33404025435447693,0.1544492542743683,0.2337222546339035,0.15969878435134888,0.17150399088859558,0.1692519187927246,0.11571556329727173,0.09810734540224075,0.33077651262283325,0.11367066204547882,0.24091708660125732,0.12333749234676361,0.18542949855327606,0.13434569537639618,0.1381383091211319,0.05999605357646942,0.3348495662212372,0.06925728917121887,0.2649024724960327,0.07601102441549301,0.22542837262153625,0.08673559129238129,0.19180911779403687
stop,0.21873024106025696,0.7856569290161133,0.2706734836101532,0.7584188580513,0.30260154604911804,0.6950516104698181,0.3188995122909546,0.6361109018325806,0.34030523896217346,0.5971705913543701,0.28549155592918396,0.6089681386947632,0.29051658511161804,0.5375310778617859,0.28974324464797974,0.4941047430038452,0.2878668010234833,0.45522990822792053,0.2565387487411499,0.6012992858886719,0.2627979516983032,0.5221484303474426,0.26517194509506226,0.4726230502128601,0.2664783298969269,0.4298350512981415,0.22850926220417023,0.6084011197090149,0.23383334279060364,0.5333773493766785,0.23815512657165527,0.486940860748291,0.24152754247188568,0.4461553394794464,0.19835487008094788,0.6266990900039673,0.201575368642807,0.5695915818214417,0.20650674402713776,0.5320910215377808,0.2115578055381775,0.4964315891265869
stop,0.7140463590621948,0.7302040457725525,0.6646869778633118,0.7056382298469543,0.6328942179679871,0.6482290029525757,0.6216108798980713,0.5925366282463074,0.6042075753211975,0.5531417727470398,0.6503866910934448,0.5713986158370972,0.6446421146392822,0.5073228478431702,0.645293653011322,0.4691787660121918,0.647863507270813,0.43346208333969116,0.6766266226768494,0.561212420463562,0.6715291738510132,0.48829665780067444,0.6710053086280823,0.4444446563720703,0.6710621118545532,0.4038259983062744,0.7009223103523254,0.5662195682525635,0.6969767212867737,0.4980314075946808,0.6942865252494812,0.45523935556411743,0.691950798034668,0.4163414239883423,0.7273629307746887,0.5819603204727173,0.7236539125442505,0.5291191935539246,0.7207562327384949,0.49422988295555115,0.7169861197471619,0.46105748414993286
stop,0.7672995924949646,0.727806031703949,0.7366355657577515,0.6987782120704651,0.7201058864593506,0.6398817300796509,0.7182707190513611,0.5858106017112732,0.7078027725219727,0.5423926711082458,0.7199880480766296,0.5679333209991455,0.7156431674957275,0.5036247372627258,0.7181559205055237,0.46308133006095886,0.7221120595932007,0.42607975006103516,0.7390897870063782,0.5587124824523926,0.7340729236602783,0.48948025703430176,0.7337034344673157,0.4445255398750305,0.7341980934143066,0.4030047655105591,0.7575651407241821,0.5632162094116211,0.7537381052970886,0.4980964660644531,0.7516469955444336,0.4556475281715393,0.7489888668060303,0.4181511402130127,0.7778862714767456,0.5786276459693909,0.776813805103302,0.529816210269928,0.7737493515014648,0.4969465732574463,0.7682607173919678,0.4674726128578186
stop,0.7313408851623535,0.6908307075500488,0.6864219307899475,0.6669607758522034,0.6656877398490906,0.6098591089248657,0.6633487939834595,0.5611356496810913,0.6595821976661682,0.5310033559799194,0.6880700588226318,0.5472630262374878,0.6861240863800049,0.4916608929634094,0.6862486600875854,0.4567432403564453,0.687970757484436,0.4263315796852112,0.7068737149238586,0.5386360287666321,0.7055627703666687,0.47339576482772827,0.7056815028190613,0.4332290291786194,0.7071287035942078,0.3984941840171814,0.7253605723381042,0.5416645407676697,0.7256160378456116,0.4793993830680847,0.7258057594299316,0.4403599500656128,0.7264881730079651,0.40666434168815613,0.7456246018409729,0.5534743666648865,0.7459604740142822,0.5062821507453918,0.7458251118659973,0.47490087151527405,0.7450581789016724,0.44638878107070923
stop,0.823840856552124,0.7263435125350952,0.7996617555618286,0.6786366105079651,0.783953845500946,0.613071858882904,0.7718507051467896,0.5547179579734802,0.7548223733901978,0.499399870634079,0.7770894169807434,0.5389134287834167,0.7708856463432312,0.4633849859237671,0.7671894431114197,0.41344404220581055,0.7650395035743713,0.374441921710968,0.7858610153198242,0.5449338555335999,0.7785804867744446,0.4651367664337158,0.7742725610733032,0.4136214852333069,0.7712936997413635,0.3695073127746582,0.7937290668487549,0.5571429133415222,0.7832950949668884,0.4928877055644989,0.7760668396949768,0.4457898736000061,0.7686663866043091,0.4063534140586853,0.8006818294525146,0.5742791891098022,0.7893084287643433,0.5315819978713989,0.7777048349380493,0.5039719939231873,0.7663810849189758,0.48135966062545776
stop,0.6983978152275085,0.7871995568275452,0.6504572629928589,0.7694716453552246,0.617766261100769,0.719642162322998,0.6039477586746216,0.6684451699256897,0.5845760107040405,0.6307791471481323,0.6294456124305725,0.6437820196151733,0.6216472387313843,0.5850716829299927,0.6218758225440979,0.5489597916603088,0.6239487528800964,0.5137563943862915,0.6538360714912415,0.631846010684967,0.6470066905021667,0.5654693841934204,0.646056056022644,0.5242642164230347,0.6453791856765747,0.484900563955307,0.6772106885910034,0.6353020668029785,0.6713317036628723,0.5720251798629761,0.6682076454162598,0.5323175191879272,0.6653949022293091,0.4953191876411438,0.7030375003814697,0.6489461064338684,0.6980354189872742,0.599457859992981,0.6943525075912476,0.5669541358947754,0.6897441148757935,0.5359628796577454
stop,0.7568560838699341,0.8539159893989563,0.7068861722946167,0.8667530417442322,0.6593393683433533,0.8472261428833008,0.625900387763977,0.8114119172096252,0.5941076874732971,0.7914158701896667,0.636063277721405,0.7737581729888916,0.604054868221283,0.7308487296104431,0.5889585018157959,0.7003156542778015,0.5758026838302612,0.6682397723197937,0.650963544845581,0.7451950311660767,0.6164782047271729,0.6939259767532349,0.5984836220741272,0.6606496572494507,0.5806726217269897,0.6270942687988281,0.6714057326316833,0.7313742637634277,0.6393116116523743,0.6814858317375183,0.6197380423545837,0.6510508060455322,0.6024625301361084,0.6217706799507141,0.6989595890045166,0.7245038747787476,0.6719202995300293,0.6865527033805847,0.6553860902786255,0.6614658832550049,0.6389500498771667,0.6368650197982788
stop,0.7175285220146179,0.8582925796508789,0.669402539730072,0.8335568308830261,0.6377381682395935,0.7831584811210632,0.6242485642433167,0.7281609177589417,0.6070362329483032,0.6866382360458374,0.6507048606872559,0.714105486869812,0.6464284658432007,0.6592186093330383,0.6528565287590027,0.6272129416465759,0.6605852842330933,0.5943693518638611,0.6761833429336548,0.7034896612167358,0.6736702919006348,0.6439386606216431,0.6781884431838989,0.6092235445976257,0.6821562647819519,0.5725588798522949,0.6988530158996582,0.7066815495491028,0.6970220804214478,0.6489965319633484,0.6969433426856995,0.614778995513916,0.6990358233451843,0.583107054233551,0.7242860198020935,0.7184231281280518,0.7199336886405945,0.6707768440246582,0.7183921337127686,0.6396728754043579,0.7169712781906128,0.6083043813705444
stop,0.7315542101860046,0.8605083227157593,0.683003842830658,0.8383500576019287,0.652411699295044,0.7856971621513367,0.6396666169166565,0.7303184270858765,0.6183330416679382,0.6922064423561096,0.656701922416687,0.7051516175270081,0.6404145359992981,0.6486915349960327,0.634462296962738,0.6168745160102844,0.6297668218612671,0.5872936248779297,0.6813379526138306,0.6934040784835815,0.6639671921730042,0.6328678131103516,0.6543316841125488,0.5983108282089233,0.6465456485748291,0.5712215900421143,0.705187201499939,0.6956775188446045,0.6892738938331604,0.6388948559761047,0.6777701377868652,0.6073330640792847,0.6679890751838684,0.5821577310562134,0.733871340751648,0.7054305672645569,0.7249437570571899,0.6613721251487732,0.7159392833709717,0.6364928483963013,0.7065834999084473,0.614483654499054
stop,0.7245455980300903,0.855824887752533,0.6824090480804443,0.8346279859542847,0.6482051610946655,0.7855667471885681,0.6209773421287537,0.7442135810852051,0.5916822552680969,0.7235038876533508,0.6566661596298218,0.6954612731933594,0.6444838643074036,0.6351198554039001,0.6405001878738403,0.6017563939094543,0.6386330723762512,0.5713576078414917,0.6807601451873779,0.684929370880127,0.6688014268875122,0.6192560791969299,0.6628304123878479,0.5827109813690186,0.657511830329895,0.5535221099853516,0.7058007717132568,0.688641369342804,0.6938456296920776,0.6289491057395935,0.6847580075263977,0.5936568975448608,0.6762983202934265,0.5640120506286621,0.7339242696762085,0.7015253901481628,0.7277922630310059,0.6557089686393738,0.7225462794303894,0.6292970776557922,0.7179378271102905,0.6050005555152893
stop,0.7249696850776672,0.8605777025222778,0.6843678951263428,0.8423761129379272,0.6505252122879028,0.796861469745636,0.627182126045227,0.756010115146637,0.5999018549919128,0.7292600870132446,0.6515530347824097,0.701143741607666,0.6259878873825073,0.6417767405509949,0.6119886636734009,0.6019744277000427,0.6026843190193176,0.5666515231132507,0.6824882626533508,0.6849302649497986,0.6736465096473694,0.6143230199813843,0.6706057190895081,0.5691949725151062,0.6694518327713013,0.5327900648117065,0.7126043438911438,0.689187228679657,0.7179695963859558,0.6255587339401245,0.7207682728767395,0.583437442779541,0.7218711376190186,0.5465478897094727,0.7406511902809143,0.7086358666419983,0.7569260597229004,0.6651240587234497,0.7662285566329956,0.6343286633491516,0.7726601958274841,0.6038742661476135
stop,0.7212422490119934,0.8566519618034363,0.6816979646682739,0.8389890789985657,0.6477604508399963,0.7937678098678589,0.6251689791679382,0.7537608742713928,0.600252628326416,0.725229024887085,0.6544452905654907,0.6960297226905823,0.6460059285163879,0.63202303647995,0.6450716853141785,0.5927610397338867,0.6459248661994934,0.5579383969306946,0.6812580227851868,0.6839861273765564,0.6727361679077148,0.6116088032722473,0.668043315410614,0.5682567358016968,0.6636566519737244,0.5311882495880127,0.7088271975517273,0.6888418793678284,0.7028880715370178,0.6202639937400818,0.6968485116958618,0.5796113610267639,0.6900225877761841,0.5434248447418213,0.7381359338760376,0.7076408863067627,0.7501021027565002,0.6594908833503723,0.7567542195320129,0.6257255673408508,0.7609496116638184,0.5929364562034607
stop,0.7186680436134338,0.8629467487335205,0.6791967749595642,0.841074526309967,0.6424703001976013,0.8036225438117981,0.6115661859512329,0.78303062915802,0.5825114846229553,0.7877066135406494,0.6517127156257629,0.7021052837371826,0.6436983942985535,0.6369214057922363,0.6424849629402161,0.5970911383628845,0.6422548294067383,0.5616179704666138,0.6773271560668945,0.6906087398529053,0.6700369715690613,0.6181149482727051,0.6676052808761597,0.5746153593063354,0.6646478772163391,0.5365941524505615,0.7038226127624512,0.6945027112960815,0.697256863117218,0.6264094114303589,0.6930340528488159,0.5862637758255005,0.6873456239700317,0.5513412356376648,0.7311195731163025,0.7103661298751831,0.7278594970703125,0.6588153839111328,0.723407506942749,0.6252331137657166,0.7171138525009155,0.5952041149139404
stop,0.7160564064979553,0.8532958030700684,0.6678601503372192,0.8302912712097168,0.6386652588844299,0.7734244465827942,0.6278126239776611,0.7149585485458374,0.6064577698707581,0.6732538342475891,0.6524767875671387,0.6860438585281372,0.6481400728225708,0.6194691061973572,0.6497067213058472,0.5801181793212891,0.653322696685791,0.5427930355072021,0.6806891560554504,0.6759735941886902,0.6764984726905823,0.6005733609199524,0.6759260296821594,0.5568463802337646,0.6751095652580261,0.5160022974014282,0.706246018409729,0.6823387742042542,0.7027064561843872,0.6128334999084473,0.6995911598205566,0.5709172487258911,0.6968355774879456,0.5333216786384583,0.7340590953826904,0.7002596855163574,0.7305254340171814,0.6477128863334656,0.7273891568183899,0.6139034628868103,0.7233651876449585,0.5819296836853027
stop,0.6685832142829895,0.8316876888275146,0.6074267029762268,0.8050179481506348,0.5695130228996277,0.7322516441345215,0.5551531314849854,0.6580614447593689,0.5278446674346924,0.6041030883789062,0.5963209867477417,0.6242513060569763,0.5921444892883301,0.539695680141449,0.5957539081573486,0.48905253410339355,0.6030539274215698,0.440689355134964,0.6318008303642273,0.6120784282684326,0.6296303272247314,0.5156641006469727,0.63193279504776,0.4579218626022339,0.6350193619728088,0.40393775701522827,0.6635857224464417,0.6212387084960938,0.6627752780914307,0.5303773283958435,0.6628866791725159,0.4749321937561035,0.6631242036819458,0.42278751730918884,0.6970810294151306,0.6453325152397156,0.6957044005393982,0.5760474801063538,0.6946765780448914,0.5315755009651184,0.6922767162322998,0.4886133670806885
stop,0.26161542534828186,0.6993709802627563,0.3201896846294403,0.6667081117630005,0.3522961735725403,0.5919456481933594,0.3620968461036682,0.5227610468864441,0.37485718727111816,0.4743677079677582,0.3341575860977173,0.5087987184524536,0.34714776277542114,0.436506062746048,0.35030460357666016,0.3913346529006958,0.3506530523300171,0.349613219499588,0.3053448498249054,0.4990123212337494,0.31809478998184204,0.4182119369506836,0.32423993945121765,0.36619365215301514,0.3276376724243164,0.32131847739219666,0.27727922797203064,0.5042998194694519,0.2868274748325348,0.4268750548362732,0.2943364977836609,0.380130410194397,0.29961732029914856,0.34012579917907715,0.2472526878118515,0.5220938920974731,0.25165462493896484,0.46334224939346313,0.25753554701805115,0.42366498708724976,0.2633005380630493,0.38590288162231445
stop,0.2691274583339691,0.7202585935592651,0.3124070167541504,0.6815537214279175,0.32804447412490845,0.6112180948257446,0.3325231969356537,0.5588808655738831,0.33720600605010986,0.5142682194709778,0.30775246024131775,0.5435576438903809,0.3162323832511902,0.4762027859687805,0.3206356465816498,0.43508023023605347,0.3210912048816681,0.3966411352157593,0.29273873567581177,0.537833034992218,0.3020339906215668,0.46069177985191345,0.3058833181858063,0.41072338819503784,0.3059234023094177,0.3650718331336975,0.27629533410072327,0.544106125831604,0.2850618064403534,0.46860554814338684,0.28982460498809814,0.421236515045166,0.2913442552089691,0.37857091426849365,0.2580730617046356,0.5598587393760681,0.2647123336791992,0.5016874074935913,0.2701394259929657,0.46133512258529663,0.27424710988998413,0.4231101870536804
stop,0.24932390451431274,0.7304755449295044,0.2976648211479187,0.6889342665672302,0.319096177816391,0.6141308546066284,0.32837092876434326,0.5434436798095703,0.34341126680374146,0.4926951825618744,0.312759667634964,0.5359154343605042,0.3228830397129059,0.46384185552597046,0.3235842287540436,0.4209986925125122,0.32182785868644714,0.3813127875328064,0.28427842259407043,0.5297721028327942,0.29416215419769287,0.45332199335098267,0.29622703790664673,0.40453580021858215,0.2963094115257263,0.3637184500694275,0.2565549612045288,0.5388641953468323,0.26476454734802246,0.4665747880935669,0.26958826184272766,0.4241880178451538,0.27294841408729553,0.3886328935623169,0.22805844247341156,0.5591487884521484,0.23140133917331696,0.5047268271446228,0.23550066351890564,0.46897345781326294,0.24062339961528778,0.43474137783050537
stop,0.12156728655099869,0.7456429600715637,0.18383923172950745,0.7540648579597473,0.2431727647781372,0.715908408164978,0.2881571352481842,0.674315869808197,0.32423847913742065,0.6504950523376465,0.2740177512168884,0.6392800211906433,0.31840962171554565,0.5927199125289917,0.34056854248046875,0.5606308579444885,0.3584308922290802,0.5280585885047913,0.2570408582687378,0.6108824014663696,0.3051481544971466,0.5588043928146362,0.3317186236381531,0.5225942134857178,0.3523169457912445,0.4880489110946655,0.23193296790122986,0.5943582653999329,0.27672332525253296,0.5427395105361938,0.30323827266693115,0.5101933479309082,0.32486191391944885,0.4797772467136383,0.19831901788711548,0.5859841108322144,0.23084864020347595,0.542823076248169,0.25322282314300537,0.5151844620704651,0.27402734756469727,0.4885791838169098
stop,0.21348734200000763,0.7373961210250854,0.26872140169143677,0.6911739110946655,0.2932639420032501,0.6121652722358704,0.30432718992233276,0.5489133596420288,0.3163958787918091,0.5043154358863831,0.2716692090034485,0.5548778772354126,0.27715590596199036,0.48851335048675537,0.2770311236381531,0.4449194669723511,0.27526620030403137,0.40366846323013306,0.2441987693309784,0.5491644144058228,0.2481061965227127,0.47861748933792114,0.24837985634803772,0.42810994386672974,0.2480383813381195,0.38144195079803467,0.21753332018852234,0.5578159689903259,0.21895676851272583,0.48970291018486023,0.221523717045784,0.44509243965148926,0.2235899716615677,0.40375465154647827,0.18842484056949615,0.5760670900344849,0.1881478726863861,0.5215345621109009,0.1917523741722107,0.4840852618217468,0.19678233563899994,0.44636714458465576
stop,0.22698670625686646,0.7374795079231262,0.2821745276451111,0.704936146736145,0.3152470290660858,0.6384544372558594,0.3373246192932129,0.5770412683486938,0.3596058189868927,0.5377419590950012,0.3034980297088623,0.5578573942184448,0.3142368793487549,0.4918253421783447,0.3146395683288574,0.45220887660980225,0.31311121582984924,0.4163638949394226,0.2751863896846771,0.5478047132492065,0.285357266664505,0.47507885098457336,0.28903183341026306,0.4291715621948242,0.2907465100288391,0.3904244303703308,0.24666978418827057,0.5516377687454224,0.25548261404037476,0.4828805923461914,0.2616877257823944,0.4431796073913574,0.26598942279815674,0.4095027446746826,0.21649578213691711,0.5647739768028259,0.2224332094192505,0.5120911598205566,0.22833767533302307,0.47782278060913086,0.23503218591213226,0.4454842209815979
stop,0.23945192992687225,0.7418016791343689,0.2886793613433838,0.7068761587142944,0.31086480617523193,0.6291248202323914,0.31965190172195435,0.572759747505188,0.3256520628929138,0.5326967239379883,0.29200494289398193,0.5552446246147156,0.3012256622314453,0.48809826374053955,0.3058784008026123,0.4471442699432373,0.30744069814682007,0.40905025601387024,0.272700697183609,0.5470197200775146,0.28233426809310913,0.47005265951156616,0.28817054629325867,0.42025476694107056,0.2910361588001251,0.37480461597442627,0.25257954001426697,0.552211582660675,0.2618006765842438,0.4775075912475586,0.26824790239334106,0.4314875602722168,0.27162033319473267,0.3892875909805298,0.2311275750398636,0.567578136920929,0.24028442800045013,0.5098872184753418,0.24714763462543488,0.4711459279060364,0.25297823548316956,0.43352097272872925
stop,0.0755230039358139,0.5767577290534973,0.1282147318124771,0.5134527683258057,0.147889643907547,0.4211777448654175,0.1594657301902771,0.34145647287368774,0.17274770140647888,0.28487494587898254,0.1173049584031105,0.3343060612678528,0.11462418735027313,0.24685987830162048,0.10704194009304047,0.19223348796367645,0.09766102582216263,0.1420314759016037,0.0813133642077446,0.33127784729003906,0.07592162489891052,0.23486869037151337,0.06927985697984695,0.17149661481380463,0.06245119124650955,0.11642211675643921,0.04843960702419281,0.34737712144851685,0.039904240518808365,0.25649282336235046,0.03703977167606354,0.19968587160110474,0.03392447158694267,0.15097416937351227,0.015623487532138824,0.3779362738132477,0.007230475544929504,0.3095707595348358,0.0038030222058296204,0.262694388628006,0.0011525675654411316,0.21777194738388062
stop,0.25153136253356934,0.7784340977668762,0.27956628799438477,0.7584795951843262,0.294900506734848,0.7178730964660645,0.3036789000034332,0.6828334927558899,0.31378844380378723,0.6597318053245544,0.28604865074157715,0.6745478510856628,0.28836047649383545,0.6343581080436707,0.2882036864757538,0.6100916862487793,0.2870624363422394,0.5883982181549072,0.2704503834247589,0.6698951721191406,0.27231329679489136,0.6251816153526306,0.27266985177993774,0.597572386264801,0.27199071645736694,0.5734577775001526,0.2554626166820526,0.6739640831947327,0.25649744272232056,0.6321774125099182,0.25761398673057556,0.6072970032691956,0.2578872740268707,0.5852928757667542,0.23950077593326569,0.6846618056297302,0.23911437392234802,0.6530014872550964,0.24026644229888916,0.6324408054351807,0.2408437728881836,0.6133833527565002
stop,0.16489280760288239,0.8443161249160767,0.23972299695014954,0.7802938222885132,0.28536301851272583,0.67365562915802,0.3120661973953247,0.5755746364593506,0.34316468238830566,0.5009753108024597,0.2590770125389099,0.5386861562728882,0.2678089439868927,0.4215390682220459,0.26471471786499023,0.3485456109046936,0.2584196925163269,0.2812228202819824,0.21312116086483002,0.5277402400970459,0.2202514410018921,0.3971967101097107,0.2192893922328949,0.31191685795783997,0.21562077105045319,0.23581019043922424,0.16919974982738495,0.5442517399787903,0.17138899862766266,0.4204666018486023,0.17369775474071503,0.3446073532104492,0.1742105484008789,0.27666282653808594,0.12429357320070267,0.5806561708450317,0.12373071163892746,0.48706403374671936,0.12812286615371704,0.4236757755279541,0.13259434700012207,0.36232301592826843
stop,0.12429654598236084,0.48829221725463867,0.14808616042137146,0.4629336893558502,0.1632455289363861,0.4292588233947754,0.1746942698955536,0.4001353085041046,0.18689051270484924,0.3814563453197479,0.1516902595758438,0.38745778799057007,0.15162838995456696,0.3483675718307495,0.1502121537923813,0.32511621713638306,0.1492413431406021,0.30452761054039,0.1355566382408142,0.3857550323009491,0.13513103127479553,0.3435518145561218,0.13511094450950623,0.3176732063293457,0.1357305496931076,0.2950388789176941,0.12094682455062866,0.39120233058929443,0.12056080251932144,0.3511541187763214,0.12193108350038528,0.3269071578979492,0.12371288985013962,0.30647408962249756,0.10627593100070953,0.4022884964942932,0.1050848513841629,0.37214094400405884,0.10646344721317291,0.35280701518058777,0.10834503173828125,0.33527007699012756
stop,0.09911538660526276,0.46804487705230713,0.11347217112779617,0.43768325448036194,0.1194862350821495,0.40149837732315063,0.12451288849115372,0.3713698089122772,0.1304333657026291,0.3503260910511017,0.10243543237447739,0.3636700212955475,0.0950876921415329,0.3270552158355713,0.0892997607588768,0.3058154582977295,0.0839851051568985,0.28740471601486206,0.08909265697002411,0.3678051829338074,0.08221416920423508,0.3293118476867676,0.07746727019548416,0.30563831329345703,0.07353433221578598,0.2856624126434326,0.07810214161872864,0.37746915221214294,0.07156281173229218,0.34174737334251404,0.0686558187007904,0.3197833299636841,0.06652648746967316,0.301682710647583,0.06802558898925781,0.3925277590751648,0.06230533495545387,0.36675509810447693,0.06012418121099472,0.34881213307380676,0.05853862687945366,0.33242350816726685
stop,0.18714284896850586,0.4682243764400482,0.21984633803367615,0.4638308882713318,0.24984033405780792,0.4416503310203552,0.27530768513679504,0.416912704706192,0.29705610871315,0.4015461504459381,0.25568103790283203,0.3872227370738983,0.27360057830810547,0.35044485330581665,0.2820950448513031,0.32555848360061646,0.28955569863319397,0.3022819757461548,0.2409125566482544,0.3713865280151367,0.259801983833313,0.3293483555316925,0.2716052532196045,0.301128625869751,0.28234294056892395,0.27641698718070984,0.22364960610866547,0.36493563652038574,0.24030770361423492,0.32443952560424805,0.2522636651992798,0.2985498905181885,0.26322507858276367,0.2773015797138214,0.20330928266048431,0.3643892705440521,0.2144140899181366,0.331661581993103,0.22361686825752258,0.310544490814209,0.23300568759441376,0.29145410656929016
stop,0.8360806107521057,0.5150102972984314,0.8063409924507141,0.5221464037895203,0.7754236459732056,0.5143253803253174,0.7493113279342651,0.49268245697021484,0.7213971614837646,0.4806629419326782,0.7488223910331726,0.4507647454738617,0.7211430072784424,0.41649386286735535,0.7056683301925659,0.39287951588630676,0.6917908787727356,0.36872878670692444,0.7585377097129822,0.42767810821533203,0.7288846373558044,0.3878583014011383,0.7107402682304382,0.3617311120033264,0.6943367719650269,0.338124543428421,0.7728819847106934,0.41552019119262695,0.7469826936721802,0.3778066635131836,0.7294939756393433,0.35444408655166626,0.7137163877487183,0.3345571756362915,0.7920225262641907,0.4090059995651245,0.7718689441680908,0.3792575001716614,0.7578411102294922,0.3623203635215759,0.744259774684906,0.3473931550979614
stop,0.7855902314186096,0.5257084965705872,0.760631263256073,0.5046876668930054,0.7439232468605042,0.46716952323913574,0.7351337671279907,0.43196946382522583,0.7202069759368896,0.4107581675052643,0.7501896023750305,0.4151722490787506,0.746435284614563,0.3708571791648865,0.7474203109741211,0.3441948890686035,0.7490913271903992,0.31971654295921326,0.7656112313270569,0.4093007743358612,0.7625367641448975,0.36083418130874634,0.7620161771774292,0.3315717279911041,0.761216938495636,0.3052603602409363,0.7802060842514038,0.4129735231399536,0.7777858376502991,0.3691868782043457,0.775795578956604,0.34136468172073364,0.7736437320709229,0.31800904870033264,0.7965632081031799,0.4239687919616699,0.7949221730232239,0.3906344175338745,0.792375385761261,0.36922916769981384,0.7889896631240845,0.3504214584827423
stop,0.8525677919387817,0.48099279403686523,0.822313129901886,0.48492538928985596,0.7907217741012573,0.47261950373649597,0.7644274830818176,0.4498790204524994,0.7361608147621155,0.43698230385780334,0.765630304813385,0.4095233678817749,0.7391139268875122,0.371675580739975,0.7247112989425659,0.3459453284740448,0.7117008566856384,0.3205457627773285,0.7773637771606445,0.38771435618400574,0.749110221862793,0.3442918658256531,0.7318453192710876,0.31562554836273193,0.7163805961608887,0.2909321188926697,0.7929162383079529,0.37676361203193665,0.7681078910827637,0.3366135358810425,0.7513408660888672,0.3111429810523987,0.7362737655639648,0.28949540853500366,0.8126586675643921,0.370723694562912,0.7929622530937195,0.33975350856781006,0.7790938019752502,0.3218904733657837,0.765903651714325,0.3056565225124359
stop,0.7622596025466919,0.5186351537704468,0.7396758198738098,0.494431734085083,0.7254340648651123,0.45685410499572754,0.7178592681884766,0.4234933853149414,0.7042110562324524,0.4044320285320282,0.7323179244995117,0.41262900829315186,0.7313160300254822,0.37172460556030273,0.7336661219596863,0.3477891981601715,0.7360475063323975,0.3261452317237854,0.7463464736938477,0.40897154808044434,0.7461578249931335,0.3650294542312622,0.7472760081291199,0.3386370837688446,0.7479189038276672,0.31553447246551514,0.759837806224823,0.4140201807022095,0.7596880793571472,0.37442538142204285,0.7594770193099976,0.3490617871284485,0.7586921453475952,0.3281729817390442,0.7747403383255005,0.426073282957077,0.7750177383422852,0.3963874578475952,0.7733948230743408,0.3774411976337433,0.770722508430481,0.3614564538002014
stop,0.6522160768508911,0.497655987739563,0.6113071441650391,0.4866901636123657,0.5785508155822754,0.4529574513435364,0.5583539605140686,0.4159913957118988,0.5362489223480225,0.3959057927131653,0.5769482851028442,0.3905714154243469,0.5619866251945496,0.34239882230758667,0.5575546026229858,0.3128296136856079,0.5553157925605774,0.2856501340866089,0.5960254073143005,0.3754453957080841,0.5814419388771057,0.32175153493881226,0.57501620054245,0.2889128029346466,0.5700843334197998,0.26032501459121704,0.6163964867591858,0.3713685870170593,0.6028301119804382,0.3210560083389282,0.5945788025856018,0.2898353934288025,0.5874109268188477,0.26309624314308167,0.6393514275550842,0.3751615285873413,0.6296616792678833,0.3367510437965393,0.6222601532936096,0.3127298355102539,0.6145914196968079,0.2918089032173157
stop,0.776897668838501,0.8569667935371399,0.7393448948860168,0.8436742424964905,0.7106330990791321,0.8064478635787964,0.6932074427604675,0.7635452747344971,0.6706792116165161,0.7327542304992676,0.7081637978553772,0.7326673269271851,0.6956390142440796,0.6790320873260498,0.6911271810531616,0.644529402256012,0.6887889504432678,0.6116206049919128,0.7284941077232361,0.718007504940033,0.7152944207191467,0.6582707166671753,0.708706796169281,0.6207464933395386,0.7023757696151733,0.5852776169776917,0.7490162253379822,0.7167142033576965,0.7379605770111084,0.6614738702774048,0.7302318811416626,0.625719428062439,0.7231574654579163,0.5939314365386963,0.7727921605110168,0.7242054343223572,0.7639363408088684,0.6813127994537354,0.7567782998085022,0.6534470915794373,0.7487756013870239,0.627476155757904
stop,0.8468431234359741,0.8484422564506531,0.8090208768844604,0.820756733417511,0.7833496928215027,0.7723402380943298,0.7697358131408691,0.7211641669273376,0.7484763264656067,0.684264600276947,0.7897477746009827,0.692155122756958,0.7834622263908386,0.6305485367774963,0.7837255001068115,0.5928971171379089,0.7854471802711487,0.5562771558761597,0.8137417435646057,0.6824234127998352,0.8075612187385559,0.6142181158065796,0.8053948283195496,0.5723629593849182,0.8026554584503174,0.5316920876502991,0.8359338641166687,0.6872151494026184,0.8314473032951355,0.6244429349899292,0.827133059501648,0.5839015245437622,0.8232865333557129,0.5483769178390503,0.8610830307006836,0.7020853757858276,0.8573934435844421,0.6537522077560425,0.8526409268379211,0.6216713190078735,0.8469218611717224,0.5913539528846741
stop,0.8344178199768066,0.8457543253898621,0.7972351908683777,0.8214683532714844,0.7696424722671509,0.7768500447273254,0.7497250437736511,0.7313441038131714,0.7256249189376831,0.7001765370368958,0.7734658718109131,0.7022621035575867,0.760757327079773,0.6405470371246338,0.7550259828567505,0.6019127368927002,0.7518871426582336,0.56548011302948,0.7995076775550842,0.688931941986084,0.7919497489929199,0.620366096496582,0.7888315916061401,0.5758755207061768,0.7861433625221252,0.5356520414352417,0.8248105645179749,0.6920853853225708,0.8222276568412781,0.6296632885932922,0.8210321664810181,0.5892776250839233,0.8191210031509399,0.5531007051467896,0.8503506183624268,0.7057132124900818,0.8550367951393127,0.6605757474899292,0.856202244758606,0.6303654909133911,0.8562525510787964,0.6006922125816345
stop,0.6055811047554016,0.7770538330078125,0.5275272727012634,0.7503863573074341,0.47035831212997437,0.6706010103225708,0.44079795479774475,0.5910302400588989,0.406302273273468,0.5328591465950012,0.4888423681259155,0.5429992079734802,0.47499656677246094,0.4414003789424896,0.4728451669216156,0.3796390891075134,0.47411951422691345,0.3226538896560669,0.5297823548316956,0.5230264663696289,0.5156399011611938,0.4081639051437378,0.5104921460151672,0.3374224007129669,0.5074912309646606,0.2756038010120392,0.5700056552886963,0.527629554271698,0.5575170516967773,0.41816583275794983,0.5502105355262756,0.35199666023254395,0.5433778762817383,0.2921295464038849,0.6131423115730286,0.5493481159210205,0.6057966947555542,0.4659796953201294,0.5992817282676697,0.4117238223552704,0.5908515453338623,0.36151134967803955
stop,0.7155884504318237,0.7878961563110352,0.678211510181427,0.7678253650665283,0.6529358625411987,0.7238065600395203,0.6383385062217712,0.6820538640022278,0.6186383962631226,0.6557646989822388,0.6608395576477051,0.6626685857772827,0.6548570990562439,0.6109076142311096,0.6541576981544495,0.5792711973190308,0.6548219323158264,0.5499582290649414,0.6823047995567322,0.6534674167633057,0.6762228012084961,0.5954481363296509,0.6738719344139099,0.560144305229187,0.6715333461761475,0.528551459312439,0.7030600905418396,0.6561975479125977,0.697252631187439,0.6025624871253967,0.6934969425201416,0.5693953037261963,0.6891980171203613,0.5401878952980042,0.7249466180801392,0.6674882173538208,0.7212385535240173,0.6264351010322571,0.7182243466377258,0.600273847579956,0.7141169309616089,0.5764893889427185
stop,0.9034174680709839,0.7570358514785767,0.8622401356697083,0.7120242118835449,0.8395859599113464,0.6461149454116821,0.8296875357627869,0.5842804312705994,0.8101593255996704,0.5356304049491882,0.86528480052948,0.5613688230514526,0.8709607124328613,0.4869636595249176,0.8800832033157349,0.4434724748134613,0.8901662230491638,0.402593731880188,0.8967998027801514,0.5589262247085571,0.9042219519615173,0.477023720741272,0.9115772843360901,0.42549842596054077,0.9172059893608093,0.3796480894088745,0.9226585030555725,0.5712472796440125,0.9307729005813599,0.4967305064201355,0.9353780150413513,0.4473973512649536,0.9383004307746887,0.4041249752044678,0.9490422010421753,0.5942015647888184,0.9571481943130493,0.5381854176521301,0.9590307474136353,0.5009037256240845,0.9590868949890137,0.46539461612701416
stop,0.8797110319137573,0.7474223375320435,0.8303184509277344,0.735735297203064,0.7861782312393188,0.7012780904769897,0.7498074173927307,0.6623255014419556,0.7146071791648865,0.6347480416297913,0.77939772605896,0.6079207062721252,0.7473822236061096,0.544198751449585,0.728726863861084,0.5040854215621948,0.7140293121337891,0.46581384539604187,0.8057230710983276,0.5832713842391968,0.7808372378349304,0.5079603791236877,0.766501784324646,0.4581543803215027,0.7541332840919495,0.415599524974823,0.8355013132095337,0.5771110653877258,0.8168767690658569,0.5079180598258972,0.8031410574913025,0.4639206528663635,0.789612352848053,0.42578214406967163,0.8682147860527039,0.5819705724716187,0.8655385375022888,0.5277529358863831,0.8598200082778931,0.4928744435310364,0.8527785539627075,0.45890599489212036
stop,0.8717700839042664,0.7507956027984619,0.8242908120155334,0.7352273464202881,0.7802212238311768,0.698094367980957,0.7439298629760742,0.6572989225387573,0.7104798555374146,0.6291346549987793,0.7775146961212158,0.6031476855278015,0.7519861459732056,0.5350044965744019,0.7387194633483887,0.4916761517524719,0.7285391092300415,0.4516555070877075,0.8032221794128418,0.5813164114952087,0.7785759568214417,0.5064390897750854,0.7621817588806152,0.4578735828399658,0.7471625804901123,0.41635704040527344,0.8336948752403259,0.5764789581298828,0.8161583542823792,0.5044302344322205,0.8025286793708801,0.4584847688674927,0.789497435092926,0.41864967346191406,0.8689694404602051,0.5854965448379517,0.8809360861778259,0.533409595489502,0.8879708647727966,0.4967910647392273,0.8938906788825989,0.4625953435897827
stop,0.8644892573356628,0.752924919128418,0.8171501755714417,0.7352529764175415,0.7759173512458801,0.6909115314483643,0.7440338730812073,0.6463323831558228,0.7117586135864258,0.615627646446228,0.776604413986206,0.5986836552619934,0.7489730715751648,0.5323765873908997,0.7341419458389282,0.4904858469963074,0.7238325476646423,0.4499959647655487,0.80552077293396,0.5797597169876099,0.7937014698982239,0.5003635287284851,0.7905620336532593,0.44865524768829346,0.7879685163497925,0.4026294946670532,0.8344929218292236,0.5804418325424194,0.8275717496871948,0.5086060762405396,0.8218623995780945,0.4628167748451233,0.8154464364051819,0.42209815979003906,0.8635371923446655,0.592859148979187,0.8601343035697937,0.5375866889953613,0.8542463183403015,0.5033978819847107,0.8468394875526428,0.4698963761329651
stop,0.8606535792350769,0.7482906579971313,0.8131664991378784,0.7328226566314697,0.7729321122169495,0.692703902721405,0.7407804727554321,0.6489551663398743,0.709122896194458,0.6172462701797485,0.7714579105377197,0.5987745523452759,0.7514221668243408,0.5307847857475281,0.7429542541503906,0.48786789178848267,0.7377876043319702,0.44675442576408386,0.7966676950454712,0.5798754692077637,0.7765745520591736,0.5043008327484131,0.7644380331039429,0.45567068457603455,0.7530720829963684,0.412101686000824,0.8245581984519958,0.5768023729324341,0.8090579509735107,0.506985068321228,0.7970325350761414,0.4621993899345398,0.7847186326980591,0.4227699637413025,0.8558078408241272,0.5846531391143799,0.8518803715705872,0.5300208330154419,0.8468231558799744,0.495858371257782,0.8402535319328308,0.4634586274623871
stop,0.8593194484710693,0.7480157613754272,0.8128184676170349,0.7328006029129028,0.7713952660560608,0.6943918466567993,0.7387950420379639,0.654501736164093,0.7068015336990356,0.6276904344558716,0.7717150449752808,0.5993802547454834,0.7462857961654663,0.5339733362197876,0.7319337725639343,0.49214261770248413,0.7209648489952087,0.45310884714126587,0.7990972995758057,0.5785096883773804,0.7825179100036621,0.5007496476173401,0.7733548879623413,0.4508618712425232,0.7651188373565674,0.40830472111701965,0.828156054019928,0.5760567784309387,0.8164499998092651,0.5064749717712402,0.8065695762634277,0.4613477289676666,0.7965267896652222,0.4228755235671997,0.8592084050178528,0.5860572457313538,0.8583831787109375,0.5316699147224426,0.8547769784927368,0.49692392349243164,0.8494945764541626,0.4648372530937195
stop,0.28780436515808105,0.6607418060302734,0.33741772174835205,0.6360234618186951,0.3745723068714142,0.5832439064979553,0.4039592742919922,0.5391349196434021,0.4292778968811035,0.5126786231994629,0.35657355189323425,0.5044211149215698,0.37742283940315247,0.4429788589477539,0.3880922794342041,0.40351390838623047,0.39713332056999207,0.36877530813217163,0.3287784457206726,0.4920957088470459,0.3406839370727539,0.4207986891269684,0.3474055528640747,0.37545302510261536,0.35259753465652466,0.3375396132469177,0.3012305200099945,0.49633556604385376,0.3048173487186432,0.43012624979019165,0.3096045255661011,0.3885648250579834,0.3144846558570862,0.3527858257293701,0.2734345495700836,0.5117738842964172,0.2743254601955414,0.4635664224624634,0.27680736780166626,0.43167904019355774,0.28025761246681213,0.401316374540329
stop,0.3134833574295044,0.6779141426086426,0.3628085255622864,0.6562340259552002,0.40145236253738403,0.6069285273551941,0.43132466077804565,0.5661867260932922,0.4571326673030853,0.5451592803001404,0.37540072202682495,0.5201858282089233,0.3877445161342621,0.45730820298194885,0.392956018447876,0.41727399826049805,0.3976239562034607,0.38113775849342346,0.34865254163742065,0.5096996426582336,0.35937029123306274,0.4385404586791992,0.36755508184432983,0.3947080373764038,0.3745587170124054,0.35718971490859985,0.32259830832481384,0.5158937573432922,0.32097673416137695,0.4492437541484833,0.3237716257572174,0.4076915979385376,0.3274080455303192,0.37130507826805115,0.2968026101589203,0.5339407324790955,0.29475054144859314,0.4833621084690094,0.295877069234848,0.45042964816093445,0.2983431816101074,0.41888198256492615
stop,0.32027047872543335,0.6805469989776611,0.3698788583278656,0.659225344657898,0.4069986641407013,0.6058458685874939,0.435323566198349,0.5624485015869141,0.45928362011909485,0.5384506583213806,0.3897615075111389,0.5287201404571533,0.41081753373146057,0.4712888300418854,0.4222903847694397,0.4340318441390991,0.43190455436706543,0.4008815884590149,0.36369001865386963,0.5147807598114014,0.37694159150123596,0.44500282406806946,0.3849893808364868,0.40051186084747314,0.39150771498680115,0.36248549818992615,0.33787181973457336,0.5173147916793823,0.3456510603427887,0.4516031742095947,0.35301923751831055,0.4122532904148102,0.3595938980579376,0.377782940864563,0.31118839979171753,0.5315896272659302,0.31331539154052734,0.48364633321762085,0.31653502583503723,0.45139822363853455,0.3201008439064026,0.4203808605670929
stop,0.3024001121520996,0.6646972298622131,0.3509279787540436,0.6329893469810486,0.3772193491458893,0.5713815689086914,0.3918032646179199,0.5140520930290222,0.40650826692581177,0.47237688302993774,0.36046329140663147,0.49788400530815125,0.3675565719604492,0.4311774969100952,0.3689190447330475,0.38952064514160156,0.3691956102848053,0.3516521453857422,0.33555811643600464,0.49168360233306885,0.3415071368217468,0.41879045963287354,0.34441035985946655,0.37096694111824036,0.34648609161376953,0.3293783366680145,0.3115799129009247,0.5001505613327026,0.31505417823791504,0.4317255914211273,0.3193036913871765,0.38930216431617737,0.3228006362915039,0.35272467136383057,0.28678473830223083,0.5182631015777588,0.28776565194129944,0.46577078104019165,0.29198169708251953,0.4305146336555481,0.29660773277282715,0.39708849787712097
stop,0.30842047929763794,0.6661134958267212,0.3579619526863098,0.6387883424758911,0.40062546730041504,0.6010645627975464,0.4401450455188751,0.5758758783340454,0.473055362701416,0.568820059299469,0.36780470609664917,0.5016643404960632,0.3749570846557617,0.4350171387195587,0.3762376010417938,0.3955726623535156,0.37775635719299316,0.3585165739059448,0.342354416847229,0.4946884214878082,0.34903231263160706,0.4218367040157318,0.3519226312637329,0.37628084421157837,0.3544563055038452,0.336689829826355,0.31709933280944824,0.5021225810050964,0.3215157389640808,0.4337579607963562,0.3262726664543152,0.3931937515735626,0.3303239941596985,0.3572657108306885,0.2902594208717346,0.5205361843109131,0.2936781644821167,0.46749064326286316,0.2976926267147064,0.43438008427619934,0.3010609745979309,0.40314555168151855
stop,0.24335728585720062,0.6781010031700134,0.2723541557788849,0.6556766033172607,0.28944531083106995,0.6040571928024292,0.29530349373817444,0.5479316711425781,0.30104711651802063,0.5057494640350342,0.31500884890556335,0.5315309762954712,0.32742300629615784,0.46312710642814636,0.33169203996658325,0.42050817608833313,0.3354017734527588,0.38296663761138916,0.2947273552417755,0.5180478096008301,0.3070317506790161,0.4477267265319824,0.3127428889274597,0.4039658308029175,0.3188301920890808,0.3653840124607086,0.27320435643196106,0.518551766872406,0.2823135256767273,0.45572367310523987,0.2887694537639618,0.41531258821487427,0.2947438955307007,0.3812914490699768,0.2512742877006531,0.5298811793327332,0.2556750774383545,0.4807851314544678,0.2595252990722656,0.4478101134300232,0.2637837827205658,0.4178841710090637
stop,0.2799268364906311,0.6427971124649048,0.31627967953681946,0.6199342608451843,0.32848262786865234,0.568117082118988,0.3303629159927368,0.5314153432846069,0.3287547826766968,0.5028036832809448,0.3190760612487793,0.4975290596485138,0.32883769273757935,0.4437628984451294,0.3355654180049896,0.40706026554107666,0.3382889926433563,0.37298551201820374,0.3078537583351135,0.4912126064300537,0.3206357955932617,0.43030276894569397,0.3297310769557953,0.38878393173217773,0.33484241366386414,0.3506518304347992,0.2943227291107178,0.49336132407188416,0.3076581358909607,0.431830495595932,0.319144606590271,0.3918420374393463,0.3265334367752075,0.3565409183502197,0.2793748080730438,0.5017408132553101,0.2940470576286316,0.4514857828617096,0.30642765760421753,0.41834598779678345,0.31801313161849976,0.388379842042923
stop,0.25519895553588867,0.6335851550102234,0.3116038739681244,0.6055514216423035,0.3544270396232605,0.5647467374801636,0.3863280117511749,0.528598964214325,0.412249892950058,0.5092463493347168,0.3353061079978943,0.5006710290908813,0.3424805700778961,0.4434012770652771,0.34048670530319214,0.4083207845687866,0.3383527100086212,0.3740476965904236,0.3121597170829773,0.4898422062397003,0.3172996938228607,0.4314636290073395,0.3160140812397003,0.3923969864845276,0.31411558389663696,0.35570335388183594,0.28822895884513855,0.4895382523536682,0.2931409776210785,0.4337683618068695,0.2946939170360565,0.3982895314693451,0.2941078841686249,0.36564961075782776,0.2622853219509125,0.49679723381996155,0.26818761229515076,0.45053187012672424,0.2721250355243683,0.4207610487937927,0.2750169336795807,0.3913591504096985
stop,0.28955334424972534,0.6827398538589478,0.34315744042396545,0.6616004705429077,0.3796381950378418,0.600182294845581,0.4002647399902344,0.5445292592048645,0.4188210666179657,0.5051857829093933,0.37533870339393616,0.5218567252159119,0.3909146785736084,0.4568421244621277,0.39646148681640625,0.416366845369339,0.39956018328666687,0.37878909707069397,0.35204416513442993,0.5094869136810303,0.3681986927986145,0.4374612867832184,0.37657228112220764,0.38986968994140625,0.38202783465385437,0.34750646352767944,0.32710734009742737,0.5117418169975281,0.3417210578918457,0.4420960247516632,0.35076242685317993,0.39961540699005127,0.35714176297187805,0.361175000667572,0.299057275056839,0.5246285796165466,0.30874019861221313,0.47162365913391113,0.31774798035621643,0.4364266097545624,0.32609865069389343,0.4021468758583069
stop,0.7660766243934631,0.6846475601196289,0.7199185490608215,0.6610833406448364,0.6925735473632812,0.6143596768379211,0.6838675737380981,0.5630649924278259,0.6715456247329712,0.5227283239364624,0.6997234225273132,0.5564143061637878,0.6884313225746155,0.5005941390991211,0.6865941882133484,0.46529722213745117,0.6865116953849792,0.4320214092731476,0.7212160229682922,0.5470470786094666,0.7100841999053955,0.48498034477233887,0.7060173153877258,0.44608360528945923,0.7032960653305054,0.4098190665245056,0.74224454164505,0.5486423969268799,0.7332077026367188,0.4910508990287781,0.727054238319397,0.4538634419441223,0.7225416302680969,0.4212815463542938,0.7662197351455688,0.5568272471427917,0.7604219317436218,0.5138354301452637,0.7547250986099243,0.4850756824016571,0.7486308813095093,0.45844095945358276
stop,0.7477589249610901,0.6851759552955627,0.7032647132873535,0.6659384369850159,0.6758716106414795,0.6207497119903564,0.668076753616333,0.5714271664619446,0.6571706533432007,0.5322725176811218,0.6835438013076782,0.5608428716659546,0.6730009913444519,0.5067591667175293,0.6712846159934998,0.47124725580215454,0.6711394190788269,0.43889322876930237,0.7048831582069397,0.5506018996238708,0.6941651105880737,0.48937100172042847,0.6893085241317749,0.4508334696292877,0.6854449510574341,0.4163631200790405,0.7270826697349548,0.551956832408905,0.71822589635849,0.4924352765083313,0.7112910747528076,0.45495712757110596,0.7053986191749573,0.42229580879211426,0.7532240152359009,0.561542809009552,0.7620230913162231,0.5215466022491455,0.7670101523399353,0.4941816031932831,0.7705001831054688,0.46937471628189087
stop,0.678708553314209,0.82965087890625,0.6271713972091675,0.8069019317626953,0.5808777809143066,0.7533107995986938,0.54704350233078,0.7101643085479736,0.5141053199768066,0.6885778903961182,0.6070835590362549,0.6499931812286377,0.5996347665786743,0.576517641544342,0.6003072261810303,0.5334317684173584,0.602925717830658,0.49516740441322327,0.6378836631774902,0.6402265429496765,0.6326136589050293,0.5580835342407227,0.6314224004745483,0.5091779828071594,0.6302540302276611,0.4679657220840454,0.6686344146728516,0.6465098857879639,0.6627280712127686,0.570067822933197,0.6580787897109985,0.5248452425003052,0.6531147956848145,0.48566293716430664,0.6998389363288879,0.664945662021637,0.6982001662254333,0.6066887974739075,0.6951299905776978,0.5687430500984192,0.6912537217140198,0.5343244075775146
stop,0.6856082081794739,0.8291262984275818,0.6371784210205078,0.8057168126106262,0.5984410047531128,0.7504670023918152,0.5702733397483826,0.7000607252120972,0.5389877557754517,0.6691837310791016,0.6173917651176453,0.6569830179214478,0.602441132068634,0.5856931209564209,0.5955466628074646,0.5411853194236755,0.5913761854171753,0.50034099817276,0.6493408679962158,0.645226776599884,0.6397143602371216,0.5652275085449219,0.6351069211959839,0.5154719352722168,0.6307358145713806,0.4720620810985565,0.681183397769928,0.6511679887771606,0.6756426095962524,0.5764621496200562,0.6706340909004211,0.5293508768081665,0.6648807525634766,0.4863261282444,0.7133399248123169,0.6700266003608704,0.7221346497535706,0.6150422692298889,0.7280175089836121,0.5781840085983276,0.7318561673164368,0.5427709817886353
stop,0.6559572815895081,0.8401616811752319,0.6021831035614014,0.8150545358657837,0.5660159587860107,0.7509143352508545,0.5551597476005554,0.6859851479530334,0.5350051522254944,0.6345196962356567,0.586288571357727,0.6577284932136536,0.5717985033988953,0.5833983421325684,0.5658769607543945,0.5357118248939514,0.5627832412719727,0.4925764501094818,0.6219768524169922,0.6469647288322449,0.6155155301094055,0.5621548891067505,0.6127417087554932,0.5084453821182251,0.6105543971061707,0.46155521273612976,0.6553414463996887,0.6560707688331604,0.6533210873603821,0.5755635499954224,0.6500086188316345,0.524074137210846,0.6458059549331665,0.4765818119049072,0.6884886026382446,0.6812108755111694,0.7084211111068726,0.6284112334251404,0.7224382758140564,0.5906898379325867,0.733350932598114,0.55433589220047
stop,0.28478682041168213,0.8004942536354065,0.32957354187965393,0.7800531387329102,0.36023151874542236,0.7257729172706604,0.376438170671463,0.6704598069190979,0.39326369762420654,0.631354808807373,0.34954020380973816,0.6498562097549438,0.37307998538017273,0.5935522317886353,0.3851134777069092,0.5558001399040222,0.39362019300460815,0.5226802825927734,0.32162049412727356,0.6352615356445312,0.3339391052722931,0.5650844573974609,0.3401489853858948,0.5205796957015991,0.3443731367588043,0.484014630317688,0.2940930724143982,0.6374677419662476,0.29795897006988525,0.5707305073738098,0.30192428827285767,0.5308871269226074,0.30618369579315186,0.49704134464263916,0.26666897535324097,0.6533744931221008,0.2642088830471039,0.6032009720802307,0.263237327337265,0.5693944096565247,0.2637675404548645,0.5370568037033081
stop,0.2341965138912201,0.47385478019714355,0.2651059329509735,0.4574735760688782,0.28484830260276794,0.42003849148750305,0.295832097530365,0.3818086087703705,0.3093872666358948,0.35689210891723633,0.279105544090271,0.36618170142173767,0.2944267690181732,0.3243259787559509,0.3031439185142517,0.2980777323246002,0.3103378415107727,0.27553367614746094,0.25938719511032104,0.3571989834308624,0.2648904025554657,0.3085942268371582,0.2679044306278229,0.27817872166633606,0.2706546485424042,0.25381702184677124,0.24087294936180115,0.3594377934932709,0.243027925491333,0.3153446614742279,0.24636439979076385,0.2881713807582855,0.2502559721469879,0.26581424474716187,0.22326134145259857,0.37086021900177,0.22102169692516327,0.33864733576774597,0.22103247046470642,0.31664085388183594,0.22212815284729004,0.2959061861038208
stop,0.7182619571685791,0.5642194151878357,0.6940401196479797,0.540575385093689,0.6781454086303711,0.5062241554260254,0.6690192222595215,0.4748286008834839,0.657214879989624,0.4533645510673523,0.682017982006073,0.4627518057823181,0.6755343675613403,0.4220472574234009,0.6739041805267334,0.39855387806892395,0.6728643178939819,0.3772590160369873,0.6975558400154114,0.4575912654399872,0.6914400458335876,0.4133198857307434,0.6884536743164062,0.3873368799686432,0.6852149963378906,0.3645685911178589,0.7139464616775513,0.46115273237228394,0.708975076675415,0.4205051064491272,0.7057698369026184,0.3964556157588959,0.7024804949760437,0.37681064009666443,0.7325962781906128,0.47198355197906494,0.7338500022888184,0.44362208247184753,0.7332505583763123,0.42501452565193176,0.7320613861083984,0.4092249274253845
stop,0.7384898662567139,0.7342125177383423,0.6524930000305176,0.6861123442649841,0.5885556936264038,0.596909761428833,0.5487138032913208,0.5042120814323425,0.5000060796737671,0.4264846444129944,0.6421145796775818,0.41512542963027954,0.6355143785476685,0.27077430486679077,0.6395605802536011,0.18273302912712097,0.6499849557876587,0.10019096732139587,0.7008521556854248,0.3984571099281311,0.6975476145744324,0.22866950929164886,0.7003429532051086,0.12014645338058472,0.7044417858123779,0.02108559012413025,0.7551988959312439,0.41592708230018616,0.7566733956336975,0.2639188766479492,0.7548428177833557,0.16778674721717834,0.7530233860015869,0.08082705736160278,0.8112136125564575,0.4596058130264282,0.8207051157951355,0.35064974427223206,0.8229496479034424,0.278542697429657,0.8216003179550171,0.20923733711242676
stop,0.7041782736778259,0.7286397218704224,0.6185009479522705,0.6890610456466675,0.5617994070053101,0.5929283499717712,0.5439360737800598,0.4902568459510803,0.5169696807861328,0.39534541964530945,0.5976429581642151,0.42813852429389954,0.5879433751106262,0.2910735011100769,0.5916802287101746,0.20931942760944366,0.6017049551010132,0.13401976227760315,0.6521698832511902,0.4113101363182068,0.6428723931312561,0.2562519311904907,0.6425890326499939,0.1606559455394745,0.6438796520233154,0.07226812839508057,0.7025755643844604,0.42626670002937317,0.6987208127975464,0.284671425819397,0.6969596743583679,0.1974613517522812,0.6942490339279175,0.11487790942192078,0.7561296224594116,0.46449580788612366,0.7623063921928406,0.36431777477264404,0.7649152278900146,0.2975790500640869,0.7633882761001587,0.23159292340278625
stop,0.7403390407562256,0.48933351039886475,0.7200698256492615,0.4614867568016052,0.7079338431358337,0.4247035086154938,0.6999363303184509,0.39404094219207764,0.6881765723228455,0.3742852210998535,0.7250750660896301,0.38748031854629517,0.7278724312782288,0.3506080210208893,0.7319586873054504,0.3300795555114746,0.7365036010742188,0.3116992115974426,0.7396903038024902,0.3893638849258423,0.7427834868431091,0.3498409390449524,0.745681643486023,0.32706165313720703,0.748212456703186,0.30692896246910095,0.7530331015586853,0.3989237844944,0.7560770511627197,0.36269450187683105,0.7576639652252197,0.34149888157844543,0.758526086807251,0.32339322566986084,0.7664802670478821,0.4150618612766266,0.770727276802063,0.3901943564414978,0.7718051075935364,0.3744812607765198,0.7718085646629333,0.36027437448501587
stop,0.8291722536087036,0.4670742154121399,0.806909441947937,0.44402000308036804,0.7892780900001526,0.4124167859554291,0.7765945196151733,0.38396918773651123,0.7634567022323608,0.36546871066093445,0.8049580454826355,0.36858677864074707,0.8062408566474915,0.3290645182132721,0.8101499080657959,0.30510085821151733,0.8145816326141357,0.28344011306762695,0.8202853202819824,0.3648793399333954,0.8223300576210022,0.3217735290527344,0.8246681094169617,0.29523441195487976,0.8261878490447998,0.2715863585472107,0.8347296714782715,0.3695792555809021,0.8371849656105042,0.3294507563114166,0.8384289145469666,0.30435097217559814,0.8384453058242798,0.28307801485061646,0.8496005535125732,0.38128727674484253,0.8541733622550964,0.3511267304420471,0.8555949926376343,0.3318188786506653,0.8555739521980286,0.31462904810905457
stop,0.9603605270385742,0.9780210852622986,0.9135098457336426,0.9567041993141174,0.8735175728797913,0.9156148433685303,0.8426382541656494,0.8751494884490967,0.8145438432693481,0.8513273596763611,0.8850342035293579,0.8416944146156311,0.8709267377853394,0.7828787565231323,0.8665770292282104,0.7479944229125977,0.8639846444129944,0.7131589651107788,0.9106796383857727,0.828336238861084,0.8961018323898315,0.7634941339492798,0.8880826830863953,0.7241382598876953,0.8802369832992554,0.6865909099578857,0.9378206729888916,0.8287110328674316,0.9244382977485657,0.7678217887878418,0.9139306545257568,0.7312774062156677,0.9037555456161499,0.6986457109451294,0.9681750535964966,0.8387169241905212,0.962348997592926,0.7907878756523132,0.9562868475914001,0.7603568434715271,0.9493714570999146,0.7316563725471497
stop,0.6156920194625854,0.709341824054718,0.5662518739700317,0.6889208555221558,0.5263028144836426,0.6357974410057068,0.5030224323272705,0.5886892080307007,0.4791862368583679,0.5628736019134521,0.5471839904785156,0.5567892789840698,0.5369833111763,0.4927481412887573,0.5354365110397339,0.45419374108314514,0.5358898639678955,0.42023953795433044,0.5730173587799072,0.5469942092895508,0.5634089708328247,0.47541487216949463,0.55918949842453,0.43223443627357483,0.5557235479354858,0.39549520611763,0.5993051528930664,0.5500729084014893,0.590258777141571,0.48238909244537354,0.584173321723938,0.4407914876937866,0.5781780481338501,0.4042123556137085,0.6276097893714905,0.5629261136054993,0.6246111392974854,0.5119558572769165,0.6219775080680847,0.47882115840911865,0.6186755895614624,0.44813278317451477
stop,0.8835284113883972,0.6858658790588379,0.8499953746795654,0.64850914478302,0.8255167603492737,0.5962456464767456,0.8066424131393433,0.5502027273178101,0.7849375605583191,0.5204386711120605,0.8381074666976929,0.5375255346298218,0.8356818556785583,0.47988495230674744,0.8382493257522583,0.44629085063934326,0.8404849767684937,0.4144294261932373,0.858062207698822,0.5337246656417847,0.8561202883720398,0.4733179211616516,0.8564780354499817,0.43502509593963623,0.8564257025718689,0.40120258927345276,0.8766006827354431,0.5413188338279724,0.8751326203346252,0.4859310984611511,0.8742932081222534,0.4503936469554901,0.8728017210960388,0.41972094774246216,0.8972597122192383,0.556362509727478,0.8965656161308289,0.5156462788581848,0.8942888379096985,0.48968273401260376,0.8913226127624512,0.46597719192504883
stop,0.888809323310852,0.5769330859184265,0.8460713624954224,0.5494523644447327,0.8176838159561157,0.49891576170921326,0.8036510944366455,0.4575433135032654,0.7893521785736084,0.43425676226615906,0.840631902217865,0.4357597529888153,0.8351597189903259,0.379128634929657,0.8348187804222107,0.34371837973594666,0.8369814157485962,0.312836229801178,0.8635355830192566,0.42877840995788574,0.8583536148071289,0.36249738931655884,0.8571091890335083,0.32135009765625,0.8567991852760315,0.2865810990333557,0.8870844841003418,0.43274587392807007,0.8828558325767517,0.36903366446495056,0.8802036046981812,0.3294559419155121,0.8773242831230164,0.2951582670211792,0.9118808507919312,0.44592252373695374,0.9115498065948486,0.3975396752357483,0.9100821018218994,0.365140438079834,0.9077283143997192,0.3356800675392151
stop,0.8286685943603516,0.48080384731292725,0.7964274287223816,0.4542440176010132,0.7686368227005005,0.41964268684387207,0.747063934803009,0.3916265070438385,0.7282828092575073,0.3783245086669922,0.780587911605835,0.37419843673706055,0.7779980897903442,0.32897183299064636,0.7810066938400269,0.3008759021759033,0.7842314839363098,0.2755613923072815,0.7979234457015991,0.3677998483181,0.7955358624458313,0.3193095624446869,0.7966434359550476,0.28875866532325745,0.7973574995994568,0.26169484853744507,0.8151558637619019,0.3698663115501404,0.8132091760635376,0.32458680868148804,0.8120000958442688,0.2959083616733551,0.8108922243118286,0.2722817659378052,0.8334078192710876,0.3786451518535614,0.8317123055458069,0.34455087780952454,0.8296310305595398,0.3222603499889374,0.8273605704307556,0.30311349034309387
